robot,label,trajectory,seed,run_dir,tcp_rmse_mm,command_acceleration_rms_rad_s2,command_acceleration_p95_rad_s2,command_acceleration_max_rad_s2,command_jerk_rms_rad_s3,command_jerk_p95_rad_s3,command_jerk_max_rad_s3,torque_rms_nm,torque_abs_p95_nm,torque_abs_max_nm,torque_slew_rms_nm_s,torque_slew_p95_nm_s,torque_slew_max_nm_s,torque_utilization_p95,torque_utilization_max,absolute_mechanical_power_mean_w,absolute_mechanical_power_p95_w,absolute_mechanical_power_max_w
ABB,DirectIK,circle,0,./outputs/robustness/paper_three_ik_l036_s5_v1/physical/nominal/circle_seed_0,40.10962114423325,0.474489287124293,0.9488686919212334,3.1495094299316406,50.63652228228182,78.74146103858948,537.0676517486572,5.75414544947853,14.965572643280023,23.310453414916992,20.428872121507883,52.8261661529541,91.30864143371582,nan,nan,1.4311406890597802,4.508812258684338,5.534540221227626
ABB,FullVirtual,circle,0,./outputs/robustness/paper_three_ik_l036_s5_v1/mpc_architectures/VirtualDelayAware/nominal/circle_seed_0,32.074123230007025,6.723324354194859,12.500286102294922,12.500286102294922,690.5642707544292,1999.974250793457,2500.0572204589844,20.208502628135605,49.895307922363216,118.39006042480469,217.33280247588908,505.1142692565918,1207.8553557395935,nan,nan,6.090795837725807,17.48376133770053,34.03758588250628
ABB,ThreadedASAP,circle,0,./outputs/robustness/paper_three_ik_l036_s5_v1/mpc_architectures/ThreadedAsync/nominal/circle_seed_0,29.70463593799036,6.882450744929268,12.500286102294922,12.500286102294922,694.6213382337176,1999.974250793457,2500.0572204589844,17.789523993256793,45.03976993560791,91.15760803222656,201.3459724211667,456.391778588295,1107.9971313476562,nan,nan,5.470846829144089,17.123802183419148,40.79385740015055
ABB,FullVirtual,circle,1,./outputs/robustness/paper_three_ik_l036_s5_v1/mpc_architectures/VirtualDelayAware/nominal/circle_seed_1,25.976844738392728,6.696676693711069,12.500286102294922,12.500286102294922,688.7943922029195,1999.974250793457,2500.0572204589844,13.921672400034597,34.5819400787353,81.30892181396484,183.08290627497163,422.5507855415344,1028.0171155929565,nan,nan,3.603683602502039,12.357767679246372,22.53283053873528
ABB,ThreadedASAP,circle,1,./outputs/robustness/paper_three_ik_l036_s5_v1/mpc_architectures/ThreadedAsync/nominal/circle_seed_1,27.784595123357924,6.8736016491292595,12.500286102294922,12.500286102294922,712.4531613147844,1999.974250793457,2500.0572204589844,14.739663029543932,35.60069789886468,106.10384368896484,192.15867048913333,443.52898597717285,1032.9483032226562,nan,nan,3.779469631468338,11.997944940705237,27.375057058386265
ABB,FullVirtual,circle,2,./outputs/robustness/paper_three_ik_l036_s5_v1/mpc_architectures/VirtualDelayAware/nominal/circle_seed_2,34.91568917112515,7.1926450374588695,12.500286102294922,12.500286102294922,732.3148809093527,2000.0,2500.0572204589844,32.75332719351193,70.76333007812497,230.81472778320312,302.247802033353,623.8500595092773,1567.1586990356445,nan,nan,10.829170083546968,39.296553274997976,60.49170305306601
ABB,ThreadedASAP,circle,2,./outputs/robustness/paper_three_ik_l036_s5_v1/mpc_architectures/ThreadedAsync/nominal/circle_seed_2,29.424067323336715,6.644541849084925,12.500286102294922,12.500286102294922,675.410706770309,1999.974250793457,2500.0572204589844,16.238342415470946,38.31934394836419,121.83879852294922,197.5114357466512,449.5286285877228,1061.264419555664,nan,nan,4.378921397531912,16.29171298936808,29.43932991440951
ABB,FullVirtual,circle,3,./outputs/robustness/paper_three_ik_l036_s5_v1/mpc_architectures/VirtualDelayAware/nominal/circle_seed_3,26.996317902546014,6.845517877103196,12.500286102294922,12.500286102294922,716.5920302579301,1999.974250793457,2500.0572204589844,14.760855613459684,36.078952598571746,103.91232299804688,189.33087107528547,428.8771152496338,1105.0537109375,nan,nan,4.075612975834157,13.234670502223306,35.357264528808656
ABB,ThreadedASAP,circle,3,./outputs/robustness/paper_three_ik_l036_s5_v1/mpc_architectures/ThreadedAsync/nominal/circle_seed_3,28.2774808984439,6.84045659790428,12.500286102294922,12.500286102294922,698.7832647446604,1999.974250793457,2500.0572204589844,12.3131843900378,29.79299879074094,77.95881652832031,171.3619095130277,386.73776388168335,941.0812228918076,nan,nan,3.245304216038982,10.011377968062463,17.845806302138712
ABB,FullVirtual,circle,4,./outputs/robustness/paper_three_ik_l036_s5_v1/mpc_architectures/VirtualDelayAware/nominal/circle_seed_4,26.5089660484861,6.706777526177313,12.500286102294922,12.500286102294922,708.1967970769022,1999.974250793457,2500.0572204589844,18.63193623325726,42.950293350219724,144.17515563964844,214.60310095116427,479.2994976043701,1212.6819133758545,nan,nan,5.102391817245225,17.167163748864258,38.582102055770754
ABB,ThreadedASAP,circle,4,./outputs/robustness/paper_three_ik_l036_s5_v1/mpc_architectures/ThreadedAsync/nominal/circle_seed_4,26.816029696811725,6.779227543707054,12.500286102294922,12.500286102294922,691.1687481801753,1999.974250793457,2500.0572204589844,15.519510229900682,34.84521884918211,151.13645935058594,194.20785096127995,429.4045716524124,1198.554801940918,nan,nan,4.000851061617302,13.96461560151719,34.491388859323855
ABB,DirectIK,figure8,0,./outputs/robustness/paper_three_ik_l036_s5_v1/physical/nominal/figure8_seed_0,38.01603391284657,0.4908131990705792,1.0307133197784424,2.8248131275177,52.43085625133656,106.91210627555847,457.8828811645508,5.170003450289162,12.304841995239258,23.551441192626953,22.363019345925352,57.230085134506226,109.04455184936523,nan,nan,1.2045949628853312,4.061782232557648,5.534535280592987
ABB,FullVirtual,figure8,0,./outputs/robustness/paper_three_ik_l036_s5_v1/mpc_architectures/VirtualDelayAware/nominal/figure8_seed_0,27.752275726630472,6.628610759722814,12.500286102294922,12.500286102294922,699.2200149871,1999.974250793457,2500.0572204589844,15.468242593296736,38.27451591491694,128.36822509765625,187.45989370226275,427.4931848049164,1012.6617431640625,nan,nan,4.269355199334616,16.585251754709038,38.45523764214706
ABB,ThreadedASAP,figure8,0,./outputs/robustness/paper_three_ik_l036_s5_v1/mpc_architectures/ThreadedAsync/nominal/figure8_seed_0,25.973870765022994,6.566459420763751,12.500286102294922,12.500286102294922,673.2747487776246,1999.974250793457,2500.0572204589844,14.711491128093199,36.44279079437251,84.13648986816406,192.64817950915707,455.9920072555542,1147.631549835205,nan,nan,3.531183912164679,12.313018458233,26.13203813217838
ABB,FullVirtual,figure8,1,./outputs/robustness/paper_three_ik_l036_s5_v1/mpc_architectures/VirtualDelayAware/nominal/figure8_seed_1,26.447777003591924,6.563825946193026,12.500286102294922,12.500286102294922,684.0049823668343,1999.974250793457,2500.0572204589844,16.30308572793136,38.60411338806152,123.32718658447266,198.67222157242682,441.92970991134644,1268.174934387207,nan,nan,4.194049104061868,15.147739175883485,35.05044700936643
ABB,ThreadedASAP,figure8,1,./outputs/robustness/paper_three_ik_l036_s5_v1/mpc_architectures/ThreadedAsync/nominal/figure8_seed_1,26.10725506088154,6.686113004709647,12.500286102294922,12.500286102294922,702.0921731007335,1999.974250793457,2500.0572204589844,13.105427245630748,31.231667804718015,94.30779266357422,171.72046597704545,404.1796177625656,1060.4422569274902,nan,nan,3.173264314868217,12.976892801675662,21.932816422793437
ABB,FullVirtual,figure8,2,./outputs/robustness/paper_three_ik_l036_s5_v1/mpc_architectures/VirtualDelayAware/nominal/figure8_seed_2,26.834763696223472,6.611054717653716,12.500286102294922,12.500286102294922,686.3636766446017,1999.974250793457,2500.0572204589844,17.781737508195345,43.83740558624256,104.54557800292969,199.61355372767798,480.10401725769043,1198.318862915039,nan,nan,4.716507668223311,18.31377645818245,31.32830453385315
ABB,ThreadedASAP,figure8,2,./outputs/robustness/paper_three_ik_l036_s5_v1/mpc_architectures/ThreadedAsync/nominal/figure8_seed_2,26.120105801379168,6.668579850501932,12.500286102294922,12.500286102294922,687.2293459937279,1999.974250793457,2500.0572204589844,11.501820570975065,26.3193789482116,84.5572509765625,166.98446292257213,374.908846616745,1056.2509536743164,nan,nan,2.7069973955445628,11.640287335061258,24.102127734118113
ABB,FullVirtual,figure8,3,./outputs/robustness/paper_three_ik_l036_s5_v1/mpc_architectures/VirtualDelayAware/nominal/figure8_seed_3,27.339720370099087,6.602201963598578,12.500286102294922,12.500286102294922,698.6151373883552,1999.974250793457,2500.0572204589844,13.828577511084037,32.891264152526816,81.8415756225586,172.48592261446342,407.3982700705528,1010.5069160461426,nan,nan,3.6093822996958633,13.829466150591331,26.768358625065847
ABB,ThreadedASAP,figure8,3,./outputs/robustness/paper_three_ik_l036_s5_v1/mpc_architectures/ThreadedAsync/nominal/figure8_seed_3,34.92037456349212,7.230257730423571,12.500286102294922,12.500286102294922,716.5344888250696,1999.974250793457,2500.0572204589844,26.624215950316525,67.00329818725584,148.56210327148438,253.3093309900184,529.9697875976562,1203.6140441894531,nan,nan,10.231380029933343,26.70142233886848,51.81205993054568
ABB,FullVirtual,figure8,4,./outputs/robustness/paper_three_ik_l036_s5_v1/mpc_architectures/VirtualDelayAware/nominal/figure8_seed_4,26.79587527855384,6.715489877626338,12.500286102294922,12.500286102294922,737.2528245696435,1999.974250793457,2500.0572204589844,17.230150015762447,40.322878837585286,158.6807861328125,200.15890376999113,432.91025161743164,1276.508903503418,nan,nan,4.247734508253459,15.869697636755612,41.901746239642875
ABB,ThreadedASAP,figure8,4,./outputs/robustness/paper_three_ik_l036_s5_v1/mpc_architectures/ThreadedAsync/nominal/figure8_seed_4,27.679716667540347,6.618043683963383,12.500286102294922,12.500286102294922,673.4098004105896,1999.974250793457,2500.0572204589844,15.972382780233199,37.81909885406492,96.47237396240234,192.08048579314402,458.8663101196289,925.5385637283325,nan,nan,3.932080769327743,13.495037877121089,22.105578680024276
ABB,DirectIK,fast_ellipse,0,./outputs/robustness/paper_three_ik_l036_s5_v1/physical/nominal/fast_ellipse_seed_0,43.92514063894601,0.7460722829855383,1.7148256301879883,4.12672758102417,45.01951347571833,61.06868386268616,416.18943214416504,6.771618449751086,16.305153942108156,39.30848693847656,31.49790123513146,68.14079284667969,207.74602890014648,nan,nan,1.914270009214496,6.450368933938652,8.151826516492733
ABB,FullVirtual,fast_ellipse,0,./outputs/robustness/paper_three_ik_l036_s5_v1/mpc_architectures/VirtualDelayAware/nominal/fast_ellipse_seed_0,33.40528000676586,6.816411083938415,12.500286102294922,12.500286102294922,722.6308848283338,1999.974250793457,2500.0572204589844,16.6357984995301,40.31043739318847,100.80990600585938,196.14655715108535,455.6336522102356,1152.834129333496,nan,nan,5.005208446513894,18.884310739342062,32.38449072676778
ABB,ThreadedASAP,fast_ellipse,0,./outputs/robustness/paper_three_ik_l036_s5_v1/mpc_architectures/ThreadedAsync/nominal/fast_ellipse_seed_0,30.73704968438436,6.704290389040931,12.500286102294922,12.500286102294922,678.4311494698732,1999.974250793457,2500.0572204589844,20.268026991838823,50.2268329620361,113.42145538330078,234.07519304111344,516.5017366409302,1228.556776046753,nan,nan,6.278199762186677,19.773614683602354,26.34209464178851
ABB,FullVirtual,fast_ellipse,1,./outputs/robustness/paper_three_ik_l036_s5_v1/mpc_architectures/VirtualDelayAware/nominal/fast_ellipse_seed_1,32.97616378560031,6.874230626039843,12.500286102294922,12.500286102294922,726.7134994350408,1999.9909400939941,2500.0572204589844,19.171221524890967,45.835416984558016,140.13197326660156,204.71898647125334,476.8470950424671,1298.948860168457,nan,nan,5.948463784944008,18.53970732580739,31.452761396987015
ABB,ThreadedASAP,fast_ellipse,1,./outputs/robustness/paper_three_ik_l036_s5_v1/mpc_architectures/ThreadedAsync/nominal/fast_ellipse_seed_1,35.72707778176085,7.009527113662328,12.500286102294922,12.500286102294922,701.8574532976573,1999.974250793457,2500.0572204589844,20.489521461721225,50.53427677154539,116.80284118652344,217.6826676031394,490.2936577796936,1229.3363571166992,nan,nan,6.91324226891334,21.873264617841727,32.71640685799335
ABB,FullVirtual,fast_ellipse,2,./outputs/robustness/paper_three_ik_l036_s5_v1/mpc_architectures/VirtualDelayAware/nominal/fast_ellipse_seed_2,35.94272867047025,6.875676874056761,12.500286102294922,12.500286102294922,700.8876368218356,1999.974250793457,2500.0572204589844,21.564811781529936,50.074561882018955,135.0242462158203,224.18847909274714,531.4090013504028,1228.1554698944092,nan,nan,6.791441573822817,23.205854014986745,39.11720218543909
ABB,ThreadedASAP,fast_ellipse,2,./outputs/robustness/paper_three_ik_l036_s5_v1/mpc_architectures/ThreadedAsync/nominal/fast_ellipse_seed_2,34.437550862080606,7.079189007876529,12.500286102294922,12.500286102294922,722.3703529777559,1999.974250793457,2500.0572204589844,21.671121122651183,52.079092597961356,174.08932495117188,227.0238594003645,490.0374412536621,1435.5548858642578,nan,nan,6.921578840393376,23.58443248021406,50.29186656671293
ABB,FullVirtual,fast_ellipse,3,./outputs/robustness/paper_three_ik_l036_s5_v1/mpc_architectures/VirtualDelayAware/nominal/fast_ellipse_seed_3,33.46356893275708,6.924985598546336,12.500286102294922,12.500286102294922,710.445811382839,1999.974250793457,2500.0572204589844,22.538307951193033,55.439973068236995,130.12747192382812,230.97402022522448,543.2087898254395,1174.2744445800781,nan,nan,7.510336154885316,22.96149568943202,39.3897567222643
ABB,ThreadedASAP,fast_ellipse,3,./outputs/robustness/paper_three_ik_l036_s5_v1/mpc_architectures/ThreadedAsync/nominal/fast_ellipse_seed_3,30.356055868889783,6.9413436231495345,12.500286102294922,12.500286102294922,711.0562958081176,1999.974250793457,2500.0572204589844,17.349147819539883,37.84012279510493,123.80126190185547,203.87061843833683,451.1608362197876,1124.0856170654297,nan,nan,4.841313873586528,17.26595182223698,30.341909278476194
ABB,FullVirtual,fast_ellipse,4,./outputs/robustness/paper_three_ik_l036_s5_v1/mpc_architectures/VirtualDelayAware/nominal/fast_ellipse_seed_4,32.786665316186344,6.815491566785257,12.500286102294922,12.500286102294922,703.8190136640335,1999.974250793457,2500.0572204589844,19.148797874887297,45.99920272827142,115.87841033935547,219.5230123697181,508.1189274787903,1160.7383728027344,nan,nan,5.784800489569825,19.043080725538676,32.32083360591317
ABB,ThreadedASAP,fast_ellipse,4,./outputs/robustness/paper_three_ik_l036_s5_v1/mpc_architectures/ThreadedAsync/nominal/fast_ellipse_seed_4,33.3296760542524,6.901222943728534,12.500286102294922,12.500286102294922,693.6182832087122,1999.974250793457,2500.0572204589844,22.221655046624388,52.891325569152805,169.69573974609375,230.42641263088169,507.6147735118866,1486.9654655456543,nan,nan,7.517771725762385,25.750518753037216,58.78543742329131
ABB,DirectIK,rounded_square,0,./outputs/robustness/paper_three_ik_l036_s5_v1/physical/nominal/rounded_square_seed_0,34.999040263917486,0.592301405259407,1.045316457748413,4.372596740722656,58.83687991364837,135.0659877061844,453.7999629974365,4.688524388112917,11.095086097717283,21.72933578491211,19.01403786348726,44.62631940841675,148.4888069331646,nan,nan,0.9941354521940566,4.060338413285449,5.531218363414229
ABB,FullVirtual,rounded_square,0,./outputs/robustness/paper_three_ik_l036_s5_v1/mpc_architectures/VirtualDelayAware/nominal/rounded_square_seed_0,25.369962301241095,6.619385947562625,12.500286102294922,12.500286102294922,701.672649652502,1999.974250793457,2500.0572204589844,16.976181871705542,40.90457210540764,153.7901611328125,201.28028921910098,453.29506397247314,1358.8783264160156,nan,nan,4.351206857833384,16.367260449147203,37.534761011818986
ABB,ThreadedASAP,rounded_square,0,./outputs/robustness/paper_three_ik_l036_s5_v1/mpc_architectures/ThreadedAsync/nominal/rounded_square_seed_0,23.71334937860252,6.494716675438575,12.500286102294922,12.500286102294922,673.5800563955557,1999.974250793457,2500.0572204589844,12.791391086197043,31.37612323760986,89.30247497558594,182.4237412890263,409.1667041182518,1073.507308959961,nan,nan,2.7331827962860546,10.479398628001004,19.892523032868315
ABB,FullVirtual,rounded_square,1,./outputs/robustness/paper_three_ik_l036_s5_v1/mpc_architectures/VirtualDelayAware/nominal/rounded_square_seed_1,22.57594863454961,6.333215695863409,12.500286102294922,12.500286102294922,681.8745657878437,1999.974250793457,2500.0572204589844,10.597549379782864,24.78494148254394,100.5367431640625,153.66785414931257,348.96259903907776,1161.8355751037598,nan,nan,2.3078697334185874,10.400098742136507,24.671173727427004
ABB,ThreadedASAP,rounded_square,1,./outputs/robustness/paper_three_ik_l036_s5_v1/mpc_architectures/ThreadedAsync/nominal/rounded_square_seed_1,26.27189297387444,6.461811893137165,12.500286102294922,12.500286102294922,667.6911582882589,1999.974250793457,2500.0572204589844,16.360773969669907,39.89627418518066,94.76304626464844,189.09495606008213,463.2622718811035,1025.3121614456177,nan,nan,3.9766321334011314,13.221210093971717,24.63737040150407
ABB,FullVirtual,rounded_square,2,./outputs/robustness/paper_three_ik_l036_s5_v1/mpc_architectures/VirtualDelayAware/nominal/rounded_square_seed_2,23.440839005171174,6.484842684245183,12.500286102294922,12.500286102294922,707.2796785315749,1999.974250793457,2500.0572204589844,11.794336742335798,27.383861064910857,109.12808990478516,166.70334985328734,372.9905128479004,1100.105094909668,nan,nan,2.7427276365751174,12.703343242817128,26.05083213801209
ABB,ThreadedASAP,rounded_square,2,./outputs/robustness/paper_three_ik_l036_s5_v1/mpc_architectures/ThreadedAsync/nominal/rounded_square_seed_2,23.098325861821035,6.377689920319024,12.500286102294922,12.500286102294922,654.050271836044,1999.974250793457,2500.0572204589844,12.806999151057086,30.40821828842159,100.27557373046875,175.13380420738358,390.91755896806717,1149.1809844970703,nan,nan,2.883320952723678,12.996773358890353,25.602060748243808
ABB,FullVirtual,rounded_square,3,./outputs/robustness/paper_three_ik_l036_s5_v1/mpc_architectures/VirtualDelayAware/nominal/rounded_square_seed_3,23.173727472482295,6.455577556034141,12.500286102294922,12.500286102294922,683.6358226451063,1999.974250793457,2500.0572204589844,13.074748451181607,29.64706058502196,107.26742553710938,177.9243147763163,377.73241996765137,1235.5911254882812,nan,nan,2.955098822101933,12.62857975767979,30.98449414428434
ABB,ThreadedASAP,rounded_square,3,./outputs/robustness/paper_three_ik_l036_s5_v1/mpc_architectures/ThreadedAsync/nominal/rounded_square_seed_3,24.40740546116609,6.374886264617854,12.500286102294922,12.500286102294922,671.5035867615048,1999.974250793457,2500.0572204589844,8.450510340166002,20.294558334350576,76.13078308105469,136.47083780915943,311.7040157318115,876.9227027893066,nan,nan,1.8545141687994062,6.966819933270919,13.945802544578044
ABB,FullVirtual,rounded_square,4,./outputs/robustness/paper_three_ik_l036_s5_v1/mpc_architectures/VirtualDelayAware/nominal/rounded_square_seed_4,22.660715852966966,6.364197791718558,12.500286102294922,12.500286102294922,689.755863746224,1999.974250793457,2500.0572204589844,10.979056042547818,24.835033702850296,96.73274993896484,153.39263969448209,350.2218723297119,979.1852951049805,nan,nan,2.3647245795731826,10.354690866958524,25.817066527375303
ABB,ThreadedASAP,rounded_square,4,./outputs/robustness/paper_three_ik_l036_s5_v1/mpc_architectures/ThreadedAsync/nominal/rounded_square_seed_4,23.63317499298403,6.573623339710439,12.500286102294922,12.500286102294922,678.6439282365118,1999.974250793457,2500.0572204589844,13.994601204154948,27.241734886169432,152.43185424804688,185.00066090493365,398.6886739730835,1408.430701494217,nan,nan,2.880154384029099,11.707535427266247,29.54807873484255
UR5e,ProjectedDirectIK,circle,0,./outputs/paper_ur5e_v2/runs/ProjectedDirectIK/circle/seed_0,16.691277833623936,0.6393684134118132,1.7058849334716797,3.603696823120117,71.22146946228091,124.79424476623528,593.5430526733398,2.0486883143806045,5.623970985412598,11.0610990524292,10.06090793513532,27.729034423828125,69.24595832824707,0.04432654396692912,0.07469339881624494,1.0779605551384888,5.370411619829712,6.134964780255986
UR5e,FullVirtual,circle,0,./outputs/paper_ur5e_v2/runs/FullVirtual/circle/seed_0,13.094077080474912,8.167524390634965,12.5,12.50002384185791,863.6175977941806,2000.0934600830078,2500.001907348633,4.284292022260131,10.369386672973624,21.55832862854004,106.3363169579904,211.7560495436191,249.7513771057129,0.1045249137367521,0.2959514004843576,2.442815303518686,8.450891714679981,16.30611121322528
UR5e,ThreadedAsync,circle,0,./outputs/paper_ur5e_v2/runs/ThreadedAsync/circle/seed_0,12.660043143801168,8.222529951886528,12.5,12.500012397766113,782.2279368959033,2000.0934600830078,2500.0015258789062,4.477468651591631,10.220461320877064,22.415660858154297,106.94589489077107,209.86146181821823,247.7010726928711,0.10654517413888659,0.3046105589185442,2.4916050369857863,8.364587266681056,15.097585055079538
UR5e,FullVirtual,circle,1,./outputs/paper_ur5e_v2/runs/FullVirtual/circle/seed_1,11.90734116035395,8.101978460142812,12.5,12.50002670288086,838.0973958273104,2000.0934600830078,2500.0015258789062,3.953356489130396,9.180922555923457,21.1341552734375,104.70056443794925,209.4036793708801,247.56193161010742,0.10686171575954971,0.3377066339765276,2.3310638008919145,9.122392659183742,13.60228871548566
UR5e,ThreadedAsync,circle,1,./outputs/paper_ur5e_v2/runs/ThreadedAsync/circle/seed_1,10.865770024326853,8.151750758349793,12.5,12.500012397766113,783.417129576165,2000.0934600830078,2500.0015258789062,3.899599200873159,8.874389648437496,20.706707000732422,104.86908650181006,212.1654388308525,245.55749893188477,0.10258109058652604,0.2270106077194214,2.0673107559256247,8.092089344096317,14.151342671506855
UR5e,FullVirtual,circle,2,./outputs/paper_ur5e_v2/runs/FullVirtual/circle/seed_2,10.993525415700859,8.14914012738679,12.5,12.50002384185791,889.489748456257,2000.0934600830078,2500.002384185791,3.7607591933221722,8.534606361389153,21.702701568603516,105.27888604876058,209.7687478363513,254.79774475097656,0.09543451326233998,0.25883521352495464,2.0484829067464063,7.697769163741467,13.506587758688214
UR5e,ThreadedAsync,circle,2,./outputs/paper_ur5e_v2/runs/ThreadedAsync/circle/seed_2,13.079491526592333,8.240996584297724,12.5,12.50002670288086,768.1554258990827,2000.0934600830078,2500.001907348633,4.351910499553999,10.307047271728514,23.660255432128906,106.26230523469827,211.6866564750671,248.9574432373047,0.11329405648367731,0.2660257305417742,2.562549867005872,8.687336101775085,12.157031924925821
UR5e,FullVirtual,circle,3,./outputs/paper_ur5e_v2/runs/FullVirtual/circle/seed_3,11.706082263090286,7.982406664467174,12.5,12.500012397766113,839.3115751823926,2000.0934600830078,2500.0015258789062,3.922040029978885,9.382982587814329,20.85382843017578,103.10602930507956,209.0489649772644,248.1863021850586,0.1012284300157001,0.25787479536873953,2.2081384496951957,8.289838950221384,13.312714820146732
UR5e,ThreadedAsync,circle,3,./outputs/paper_ur5e_v2/runs/ThreadedAsync/circle/seed_3,11.277966908613367,8.200535168474671,12.5,12.500009536743164,808.7928518057379,2000.0934600830078,2500.001621246338,3.754295984937559,8.702524518966662,21.102628707885742,106.3903839347555,212.9465293884277,243.87664794921875,0.09058163814885273,0.2384915522166661,1.9197461755324883,7.1494653609981205,11.97310578704385
UR5e,FullVirtual,circle,4,./outputs/paper_ur5e_v2/runs/FullVirtual/circle/seed_4,11.180415656990991,8.217177366545206,12.5,12.50002670288086,874.1608739992948,2000.0934600830078,2500.001907348633,4.063872863892352,9.56711111068725,20.249357223510742,106.73661410628786,211.81793630123138,244.3866729736328,0.10133884762014655,0.24600984369005477,2.2466022540091557,8.311577987698119,14.941345592240356
UR5e,ThreadedAsync,circle,4,./outputs/paper_ur5e_v2/runs/ThreadedAsync/circle/seed_4,10.841530943909687,8.23822904102645,12.5,12.50002670288086,786.2669187713983,2000.0934600830078,2500.0015258789062,4.052235134049586,9.625793123245238,20.974924087524414,108.34469895008279,213.54651212692258,247.83592224121094,0.0996836258570353,0.283828820501055,2.1166317102854966,7.148570224002206,14.678880906082163
UR5e,ProjectedDirectIK,figure8,0,./outputs/paper_ur5e_v2/runs/ProjectedDirectIK/figure8/seed_0,13.487113495920985,0.6768667205633517,1.8298625946044922,4.266500473022461,76.05888483353435,144.60086822509766,566.3633346557617,1.8300653783347895,4.841063594818115,11.345979690551758,10.763801936202627,28.63643169403076,74.53413009643555,0.0385748382125582,0.07563986460367839,0.7851770405334572,3.8448402771578185,5.626283085249396
UR5e,FullVirtual,figure8,0,./outputs/paper_ur5e_v2/runs/FullVirtual/figure8/seed_0,8.336273289741834,7.8255641271111775,12.5,12.500012397766113,842.668229693385,2000.0934600830078,2500.001907348633,3.3979533532206836,7.6597662925720185,21.049081802368164,101.27137049981205,209.82693902682507,251.16958618164062,0.08426784680570866,0.22392279761178152,1.5498855145708932,6.234495158472935,13.10821911174925
UR5e,ThreadedAsync,figure8,0,./outputs/paper_ur5e_v2/runs/ThreadedAsync/figure8/seed_0,8.907198439861984,7.914016067524013,12.5,12.500012397766113,766.8023211555617,2000.0934600830078,2500.001907348633,3.7000283333895165,8.363277196884155,21.311569213867188,103.68090293490229,211.63498640060425,262.8080368041992,0.08974861823944806,0.1907567126410348,1.660554956557273,6.624080402424328,14.658960694473839
UR5e,FullVirtual,figure8,1,./outputs/paper_ur5e_v2/runs/FullVirtual/figure8/seed_1,8.174011399334866,7.820574485414005,12.5,12.500012397766113,857.945330630769,2000.0934600830078,2500.001907348633,3.5844036963373367,8.27449860572815,20.85679054260254,101.37687446703451,208.98044824600217,249.13406372070312,0.08817969066756111,0.20153229577200754,1.6527146630141223,6.171775166471346,12.899024044831556
UR5e,ThreadedAsync,figure8,1,./outputs/paper_ur5e_v2/runs/ThreadedAsync/figure8/seed_1,8.111904871009992,7.932884945358866,12.5,12.500012397766113,794.0162526358438,2000.0934600830078,2500.001907348633,3.5864298543742383,8.368463516235344,20.64365577697754,102.16729161042377,208.5419175028801,245.97434997558594,0.08742209162030892,0.2044527190072196,1.6103201986358175,6.325117739194061,13.453115766764947
UR5e,FullVirtual,figure8,2,./outputs/paper_ur5e_v2/runs/FullVirtual/figure8/seed_2,7.987420205698735,7.842338749432373,12.5,12.500030517578125,838.7481253622033,2000.0934600830078,2500.001335144043,3.5880928040215077,8.37284998893737,21.595640182495117,101.95243438801461,208.00717651844025,249.15647506713867,0.09172500431537625,0.23428452014923096,1.6509490867248466,6.396112492824383,9.99891812229471
UR5e,ThreadedAsync,figure8,2,./outputs/paper_ur5e_v2/runs/ThreadedAsync/figure8/seed_2,8.539416485265672,7.972530829891191,12.5,12.500009536743164,812.716163491443,2000.0934600830078,2500.0015258789062,3.642808718907112,8.389157390594479,21.433725357055664,103.61859905153592,210.6268337368965,249.25451278686523,0.0852861936603273,0.1938160146985735,1.6286014600346903,5.856849742879904,12.877940297671485
UR5e,FullVirtual,figure8,3,./outputs/paper_ur5e_v2/runs/FullVirtual/figure8/seed_3,8.706008276754329,7.886750023836403,12.5,12.500012397766113,826.1106358262498,2000.0934600830078,2500.001335144043,3.738127035719785,8.326326036453239,20.973529815673828,101.42739454704848,209.71306681632996,246.23279571533203,0.10251975527831476,0.2567314420427595,1.8101612491370818,6.720367949875424,13.037152542406215
UR5e,ThreadedAsync,figure8,3,./outputs/paper_ur5e_v2/runs/ThreadedAsync/figure8/seed_3,7.729207264784271,7.87005726890282,12.5,12.500012397766113,793.8653914724896,2000.0934600830078,2500.0024795532227,3.4752867219142893,7.87158658504485,19.577613830566406,102.96352678453565,209.50649976730344,244.62270736694336,0.084771481854575,0.2232323374067034,1.5681686276682996,5.824813649422296,12.78263142593211
UR5e,FullVirtual,figure8,4,./outputs/paper_ur5e_v2/runs/FullVirtual/figure8/seed_4,8.729362417349881,7.888949417112352,12.5,12.500012397766113,861.6706448804651,2000.0934600830078,2500.001335144043,3.5503328067658644,8.444294071197508,20.578887939453125,101.72352157931267,206.93066120147702,242.26646423339844,0.08080068358353201,0.19171598979404994,1.6079658311272127,6.372782825607598,12.196341214289825
UR5e,ThreadedAsync,figure8,4,./outputs/paper_ur5e_v2/runs/ThreadedAsync/figure8/seed_4,8.726991432371879,7.928187998177115,12.5,12.50002670288086,782.0379858596527,2000.0934600830078,2500.001335144043,3.7550968459395317,8.781722450256346,19.714879989624023,103.15592638855725,212.65759140253064,246.37908935546875,0.0966391895498548,0.24317107881818498,1.8257893987390423,7.068002735363171,12.041520154467912
UR5e,ProjectedDirectIK,fast_ellipse,0,./outputs/paper_ur5e_v2/runs/ProjectedDirectIK/fast_ellipse/seed_0,18.546151845385182,0.9670645948358415,2.2089481353759766,4.899501800537109,65.02192333060239,119.972229003906,495.7914352416992,2.887902925606343,8.567044973373411,13.744878768920898,16.791706577350613,41.12203061580636,89.74692039191723,0.06331927946635654,0.09163252512613933,1.5996786632283306,7.480423429708967,10.294125178362375
UR5e,FullVirtual,fast_ellipse,0,./outputs/paper_ur5e_v2/runs/FullVirtual/fast_ellipse/seed_0,16.394769905498237,8.0628537867953,12.5,12.50002670288086,849.6814335534083,2000.0934600830078,2500.001907348633,4.4616487713572335,10.395693922042843,23.125049591064453,103.47822038647212,209.1338285803794,242.39110946655273,0.10336812690326136,0.22465320995875768,2.745657602200405,10.806634230625628,16.31403095456372
UR5e,ThreadedAsync,fast_ellipse,0,./outputs/paper_ur5e_v2/runs/ThreadedAsync/fast_ellipse/seed_0,15.120021555651428,8.115158893449108,12.5,12.500012397766113,786.2091263617074,2000.0934600830078,2500.001335144043,4.437918909755946,10.153897714614844,22.470056533813477,104.52151666539926,211.2958294153213,244.61222887039185,0.1150751190185545,0.2917694704873221,2.802652371451148,10.600775750158862,16.487655893579813
UR5e,FullVirtual,fast_ellipse,1,./outputs/paper_ur5e_v2/runs/FullVirtual/fast_ellipse/seed_1,14.400656557944979,8.102315815980958,12.5,12.500030517578125,868.5909480816879,2000.0934600830078,2500.001335144043,4.546430011300594,11.053913354873654,23.227489471435547,104.20991896840707,208.8911336660385,250.0432014465332,0.10611721532685409,0.267649735723223,2.8184867181469593,10.26523106438013,15.035179224097691
UR5e,ThreadedAsync,fast_ellipse,1,./outputs/paper_ur5e_v2/runs/ThreadedAsync/fast_ellipse/seed_1,14.137148376216958,8.14642166098485,12.5,12.500009536743164,771.9641379211253,2000.0934600830078,2500.001907348633,4.328602864779051,9.771873044967649,21.91413116455078,104.13920939738267,209.81541514396665,246.04835510253906,0.10943309153829286,0.32156828471592497,2.7382748558432874,9.95927764634298,15.625160551146966
UR5e,FullVirtual,fast_ellipse,2,./outputs/paper_ur5e_v2/runs/FullVirtual/fast_ellipse/seed_2,14.336283455275511,8.073495448898575,12.5,12.50002384185791,861.2502034651947,2000.0934600830078,2500.001907348633,4.414780891337532,10.49204812049864,23.08562660217285,101.75293946264918,206.23777031898493,246.54159545898438,0.11477209532260886,0.2506614923477173,2.767044826826466,11.090344837519488,17.07180198382239
UR5e,ThreadedAsync,fast_ellipse,2,./outputs/paper_ur5e_v2/runs/ThreadedAsync/fast_ellipse/seed_2,16.3945846030498,8.184296528422605,12.5,12.500012397766113,792.0110402440138,2000.0934600830078,2500.001907348633,4.826720005533207,11.717468070983882,23.133949279785156,105.54189143117796,211.22920900583262,255.4607391357422,0.1025042028086525,0.25593738896506174,3.05676089608884,10.932394191930507,14.187988450130813
UR5e,FullVirtual,fast_ellipse,3,./outputs/paper_ur5e_v2/runs/FullVirtual/fast_ellipse/seed_3,16.028558236858792,8.054521261688215,12.5,12.50002384185791,845.5872189397011,2000.0934600830078,2500.0024795532227,4.896721382031021,12.306409549713123,23.671640396118164,103.66707196481669,206.6782236099243,245.99323272705078,0.11070198896953026,0.20771918978009904,3.0691934913781638,11.231295073896401,14.788950374613579
UR5e,ThreadedAsync,fast_ellipse,3,./outputs/paper_ur5e_v2/runs/ThreadedAsync/fast_ellipse/seed_3,14.472739292748924,8.114390266683529,12.5,12.50002670288086,779.3433784952393,2000.0934600830078,2500.001907348633,4.590986925485236,10.980759763717634,22.733043670654297,104.4051805658023,208.30260992050168,260.3711128234863,0.10645261279174227,0.22390270233154297,2.7644519838313424,10.492163863540602,15.643223000612288
UR5e,FullVirtual,fast_ellipse,4,./outputs/paper_ur5e_v2/runs/FullVirtual/fast_ellipse/seed_4,15.25459012587324,8.070620633868776,12.5,12.50002670288086,887.507307228738,2000.0934600830078,2500.0015258789062,4.539190357166677,11.037627553939807,23.23069953918457,103.31159080157086,207.4763482809066,243.63365173339844,0.10307614718164705,0.22958668640681676,2.8296956817326997,10.443426287904245,14.122945329191442
UR5e,ThreadedAsync,fast_ellipse,4,./outputs/paper_ur5e_v2/runs/ThreadedAsync/fast_ellipse/seed_4,15.412303117050262,8.169211701112115,12.5,12.500012397766113,771.5764996800111,2000.0934600830078,2500.001907348633,4.4612459575871695,10.465334463119504,22.630813598632812,104.69609107188424,208.97509694099423,247.60112762451172,0.1065102057797568,0.22957396507263184,2.723649427955059,10.966214513740251,15.252791230148443
UR5e,ProjectedDirectIK,rounded_square,0,./outputs/paper_ur5e_v2/runs/ProjectedDirectIK/rounded_square/seed_0,11.525619535586996,0.8634122701269884,1.8608570098876953,8.219480514526367,102.16286539667618,263.6909484863281,647.3064422607422,1.4945208424128869,3.861765813827515,7.628094673156738,15.100498255624474,28.426551818847656,156.31704330444336,0.035312434514363604,0.05259290763310024,0.598026922481136,1.9836996969720098,2.4253357037011343
UR5e,FullVirtual,rounded_square,0,./outputs/paper_ur5e_v2/runs/FullVirtual/rounded_square/seed_0,5.836307625339586,7.821671662811336,12.5,12.500009536743164,881.8881774427899,2000.0934600830078,2500.0009536743164,3.196047441039621,7.237284827232351,20.007211685180664,101.48810884993891,208.4831981733441,244.48957443237305,0.07615581921168736,0.22161672796521867,1.235974610294352,4.761026098226392,9.805609348789234
UR5e,ThreadedAsync,rounded_square,0,./outputs/paper_ur5e_v2/runs/ThreadedAsync/rounded_square/seed_0,5.9400373538481555,7.851192771600801,12.5,12.500009536743164,781.3921658474137,2000.0934600830078,2500.001335144043,3.3643166510371176,7.785752248764037,21.15190315246582,102.86320821323153,210.31590878963468,244.34306621551514,0.08138327981744492,0.23024826390402658,1.3288176705944585,5.040361578374068,9.855741502783268
UR5e,FullVirtual,rounded_square,1,./outputs/paper_ur5e_v2/runs/FullVirtual/rounded_square/seed_1,6.639756519823027,7.881235133132771,12.5,12.500012397766113,846.8911618795565,2000.0934600830078,2500.001907348633,3.5813233685698553,8.314462375640854,21.95288848876953,101.9131426535823,207.90089726448056,245.53775787353516,0.08361954158828372,0.19571120398385183,1.4236238012372928,5.50104020856468,10.914129567930647
UR5e,ThreadedAsync,rounded_square,1,./outputs/paper_ur5e_v2/runs/ThreadedAsync/rounded_square/seed_1,6.417409772860046,7.8563138136651345,12.5,12.500012397766113,791.0776042151865,2000.0934600830078,2500.0015258789062,3.3942241253920153,7.819083404541014,20.240970611572266,102.17541832573029,207.1526330709457,246.8282699584961,0.08320892352717259,0.18048628738948277,1.2795897688177316,4.685056802995589,9.327816432021855
UR5e,FullVirtual,rounded_square,2,./outputs/paper_ur5e_v2/runs/FullVirtual/rounded_square/seed_2,5.986626961557741,7.778561883574933,12.5,12.500025749206543,854.470032454656,2000.0934600830078,2500.001335144043,3.409630771319052,7.88922114372253,20.59208869934082,101.52045180505608,207.96879708766934,255.5866241455078,0.08131780810015538,0.22456846918378556,1.3234943279902531,4.832340470880301,8.493357156308152
UR5e,ThreadedAsync,rounded_square,2,./outputs/paper_ur5e_v2/runs/ThreadedAsync/rounded_square/seed_2,6.47159153972791,7.7858980494434284,12.5,12.500012397766113,792.50917148593,2000.0934600830078,2500.0015258789062,3.4470310459144335,7.877466464042652,21.222545623779297,102.07236302345997,211.58891379833221,244.2908763885498,0.08143474544797621,0.2093609230858939,1.3026861503510874,4.957176515644083,9.408182567220434
UR5e,FullVirtual,rounded_square,3,./outputs/paper_ur5e_v2/runs/FullVirtual/rounded_square/seed_3,5.941431370876191,7.807190419709606,12.5,12.500012397766113,882.8005687257196,2000.0934600830078,2500.001335144043,3.1874227269273505,7.492908763885497,20.55914306640625,100.21928793422249,206.32406294345853,239.63274955749512,0.08100696487086155,0.20049970490591867,1.2479616567391154,4.646331592674983,7.691491309489226
UR5e,ThreadedAsync,rounded_square,3,./outputs/paper_ur5e_v2/runs/ThreadedAsync/rounded_square/seed_3,6.466520763790358,7.889403284651384,12.5,12.500009536743164,788.9952273345773,2000.0934600830078,2500.0015258789062,3.4824455925655515,7.903238344192498,21.344533920288086,103.31714140026627,208.54677006602287,248.56767654418945,0.08094577593462807,0.19604737418038504,1.336934940265049,4.636576898612259,9.591285214154341
UR5e,FullVirtual,rounded_square,4,./outputs/paper_ur5e_v2/runs/FullVirtual/rounded_square/seed_4,6.9505562591985015,7.7628958116122755,12.5,12.500009536743164,848.3566474550831,2000.0934600830078,2500.0015258789062,3.6006643712518644,8.526048946380612,19.890506744384766,100.75151522028702,205.41724503040314,242.3304557800293,0.08214490357467104,0.20236522810799734,1.4553933818963338,5.310969183925111,11.132716303155883
UR5e,ThreadedAsync,rounded_square,4,./outputs/paper_ur5e_v2/runs/ThreadedAsync/rounded_square/seed_4,6.86360858815999,7.89627495759903,12.5,12.50002670288086,772.6029835371737,2000.0934600830078,2500.0015258789062,3.6053442374208706,8.397460985183713,20.367534637451172,102.95711450528808,210.6261682510376,240.58122634887695,0.08691570593629563,0.23225397723061697,1.448367227995233,5.141433023813907,10.557704271145532
