acceleration_violation_count,active_packet_gap_max_s,active_packet_gap_max_steps,active_packet_ratio,actuator_torque_rms_nm,baseline_selection_rate,case_id,command_acceleration_max_abs_rad_s2,command_acceleration_rms_rad_s2,control_compute_max_s,control_compute_p50_s,control_compute_p95_s,control_compute_p99_s,control_deadline_miss_count,control_period_max_s,control_period_p50_s,control_period_p95_s,control_period_p99_s,control_semantics_version,delay_protocol,delay_steps,e2e_max_s,e2e_p50_s,e2e_p95_s,e2e_p99_s,effort_scale,exact_final_pool_time_max_s,exact_final_pool_time_p50_s,exact_final_pool_time_p95_s,exact_pool_candidate_count_mean,exact_pool_valid_count_mean,exact_selection_changed_rate,failure_rate,fallback_duty_cycle,feedback_rms_rad,feedback_saturation_rate,joint_rmse_rad,joint_violation_count,label,lap_tcp_rmse_m,late_packet_rate,multirate_mode,nominal_command_semantics,orientation_rmse_rad,packet_age_max_steps,packet_age_p50_steps,packet_age_p95_steps,packet_expiration_count,packet_residual_semantics,planner_event_count,planner_execution_qref_error_max_rad,planner_execution_qref_error_p95_rad,planner_execution_qref_error_rms_rad,planner_failure_count,planner_failure_step_rate,planner_hz,projection_activation_rate,projection_discrepancy_max_rad,projection_discrepancy_p95_rad,projection_discrepancy_rms_rad,projection_semantics_version,residual_cost_semantics,residual_feasibility_semantics,residual_rms_rad,residual_saturation_rate,safety_projection_offset_max_rad,safety_projection_offset_p95_rad,safety_projection_offset_rms_rad,seed,solve_max_s,solve_p50_s,solve_p95_s,solve_p99_s,start_jitter_max_s,start_jitter_p50_s,start_jitter_p95_s,start_jitter_p99_s,steps,tcp_p95_m,tcp_rmse_m,total_torque_rms_nm,trajectory,velocity_violation_count,wakeup_lateness_max_s,wakeup_lateness_p50_s,wakeup_lateness_p95_s,wakeup_lateness_p99_s
0,0.06,6,0.9966795794133924,27.36534969079223,0.4613259668508287,circle:0,12.500286102294922,7.202224097869688,0.36151981353759766,0.0008680829778313637,0.04497277699410915,0.04650643549859524,0,nan,nan,nan,nan,2,full,6,nan,nan,nan,nan,0.25,0.04636751802172512,0.016996928985463455,0.018233339759171942,11.091160220994475,11.091160220994475,0.6104972375690608,0.0,0.003320420586607637,nan,0.0,0.013744440251386708,0,EffortScale0.25,0.029300877099275077,0.0,virtual_asap,raw_ik,0.030499003255744186,4.0,2.0,4.0,0,requested,362,0.03399956226348877,0.013998827198520303,0.005693066574512643,0,0.0,nan,0.9629219701162147,0.16334879398345947,0.07927533537149424,0.029837403928964622,2,requested,finite,0.029945179806815946,0.0,0.16334879398345947,0.07927533537149424,0.029837403928964622,0,0.06713803857564926,0.0380712766200304,0.03989158067852259,0.040594814233481887,nan,nan,nan,nan,1807,0.05917417220771311,0.03311358553330865,214.67163995600748,circle,0,nan,nan,nan,nan
0,0.06,6,0.9966795794133924,30.992544826380392,0.49171270718232046,circle:0,12.500286102294922,7.262853020385364,0.3513635993003845,0.0008462879923172295,0.043400869518518445,0.04481769368052483,0,nan,nan,nan,nan,2,full,6,nan,nan,nan,nan,0.5,0.04109350900398567,0.016656545514706522,0.017760411364724858,11.0939226519337,11.0939226519337,0.6270718232044199,0.0,0.003320420586607637,nan,0.0011068068622025456,0.01730064415326861,0,EffortScale0.5,0.04423335987210008,0.0,virtual_asap,raw_ik,0.03735835436927686,4.0,2.0,4.0,0,requested,362,0.049158185720443726,0.014722350984811783,0.006339418868950994,0,0.0,nan,0.9413392363032651,0.20117591321468353,0.08301570303738111,0.03348961789885273,2,requested,finite,0.03269647589796767,0.0,0.20117591321468353,0.08301570303738111,0.03348961789885273,0,0.06184033676981926,0.03672981634736061,0.038360658660531045,0.039339542388916016,nan,nan,nan,nan,1807,0.07832270264625549,0.03852400030828906,215.31056255660647,circle,0,nan,nan,nan,nan
0,0.06,6,0.9966795794133924,20.208502628135605,0.5027624309392266,circle:0,12.500286102294922,6.723324354194859,0.08047114312648773,0.000844908005092293,0.043443096056580546,0.044699655398726466,0,nan,nan,nan,nan,2,full,6,nan,nan,nan,nan,1.0,0.018294749956112355,0.016581228526774794,0.01772248936467804,11.088397790055248,11.088397790055248,0.47790055248618785,0.0,0.003320420586607637,nan,0.0011068068622025456,0.013045901851369304,0,EffortScale1,0.03200625223710408,0.0,virtual_asap,raw_ik,0.028522122183773816,4.0,2.0,4.0,0,requested,362,0.05055496096611023,0.01300002634525299,0.005713919618554982,0,0.0,nan,0.9286109573879358,0.12009255588054657,0.053882256150245646,0.021900230317127196,2,requested,finite,0.022223482639948146,0.0,0.12009255588054657,0.053882256150245646,0.021900230317127196,0,0.039435550570487976,0.03669692389667034,0.038016277737915515,0.03852783940732479,nan,nan,nan,nan,1807,0.06664327159523964,0.03207412323000702,213.72825731317226,circle,0,nan,nan,nan,nan
0,0.06,6,0.9966795794133924,14.19358918928005,0.5220994475138122,circle:0,12.500286102294922,6.598456646740893,0.07632271945476532,0.0008462970145046711,0.04362834803760051,0.04536915190517903,0,nan,nan,nan,nan,2,full,6,nan,nan,nan,nan,2.0,0.018747743975836784,0.01651275999029167,0.01780697515932843,11.113259668508288,11.113259668508288,0.39779005524861877,0.0,0.003320420586607637,nan,0.0011068068622025456,0.011677172072503359,0,EffortScale2,0.028191221633898242,0.0,virtual_asap,raw_ik,0.027044183262600763,4.0,2.0,4.0,0,requested,362,0.04499995708465576,0.012144751846790314,0.005350533694333259,0,0.0,nan,0.8168234643054787,0.07317312061786652,0.026907436922192555,0.011551538375007147,2,requested,finite,0.011960991532927446,0.0,0.07317312061786652,0.026907436922192555,0.011551538375007147,0,0.040371350944042206,0.036715682595968246,0.03850400783121586,0.03940222181379795,nan,nan,nan,nan,1807,0.06552088111639023,0.03008152054405485,213.01081484575766,circle,0,nan,nan,nan,nan
0,0.06,6,0.9966795794133924,13.480017797708738,0.5718232044198895,circle:0,12.500286102294922,6.22837873423352,0.07764874398708344,0.0008476380025967956,0.04313518851995468,0.04461394734680653,0,nan,nan,nan,nan,2,full,6,nan,nan,nan,nan,4.0,0.018286812992300838,0.016357457992853597,0.017727676199865528,11.099447513812155,11.099447513812155,0.34806629834254144,0.0,0.003320420586607637,nan,0.0,0.013373284954772698,0,EffortScale4,0.030147438092143618,0.0,virtual_asap,raw_ik,0.029126462595390836,4.0,2.0,4.0,0,requested,362,0.040000081062316895,0.010720152407884598,0.004725756644119731,0,0.0,nan,0.8107360265633647,0.10254649072885513,0.028321411460638036,0.012455777060917023,2,requested,finite,0.012607190728758232,0.0,0.10254649072885513,0.028321411460638036,0.012455777060917023,0,0.039142873138189316,0.03637615591287613,0.037729465030133726,0.03840744439512491,nan,nan,nan,nan,1807,0.07106852382421491,0.03356310625294448,213.06075719285826,circle,0,nan,nan,nan,nan
0,0.06,6,0.9966795794133924,8.356777337453936,0.6270718232044199,circle:0,12.500286102294922,5.75733882286482,0.0777323767542839,0.0008431990281678736,0.043481200560927386,0.04512964725494385,0,nan,nan,nan,nan,2,full,6,nan,nan,nan,nan,8.0,0.018466348003130406,0.01649417247972451,0.0175860314455349,11.074585635359115,11.074585635359115,0.3453038674033149,0.0,0.003320420586607637,nan,0.0,0.014229703157511516,0,EffortScale8,0.0329632895807895,0.0,virtual_asap,raw_ik,0.02974160471479886,4.0,2.0,4.0,0,requested,362,0.03897219896316528,0.009000018239021301,0.00392414824431562,0,0.0,nan,0.5982291090204759,0.0750059187412262,0.01361323595046996,0.00645282664019753,2,requested,finite,0.006310783325773254,0.0,0.0750059187412262,0.01361323595046996,0.00645282664019753,0,0.04045310616493225,0.03666733391582966,0.03818182852119208,0.03879328839480877,nan,nan,nan,nan,1807,0.07600181773304937,0.03591653773451156,212.88249713206258,circle,0,nan,nan,nan,nan
0,0.06,6,0.9966795794133924,24.33888153557063,0.44751381215469616,circle:1,12.500286102294922,6.986103656300987,0.07663317024707794,0.0008486119913868606,0.04362684935331344,0.045165466740727425,0,nan,nan,nan,nan,2,full,6,nan,nan,nan,nan,0.25,0.019481622031889856,0.01662372049759142,0.01776010042813141,11.11878453038674,11.11878453038674,0.5469613259668509,0.0,0.003320420586607637,nan,0.003320420586607637,0.012732823255763144,0,EffortScale0.25,0.02855527096820253,0.0,virtual_asap,raw_ik,0.02945971006480909,4.0,2.0,4.0,0,requested,362,0.05368480086326599,0.013767948374152184,0.005856926791461351,0,0.0,nan,0.9601549529607084,0.17698176205158234,0.0710045050829647,0.027514934969879286,2,requested,finite,0.028344368210431313,0.0,0.17698176205158234,0.0710045050829647,0.027514934969879286,1,0.039408128708601,0.03690335154533386,0.038361736573278904,0.039040907360613344,nan,nan,nan,nan,1807,0.06093845330178732,0.03162955151573813,214.39437064859996,circle,0,nan,nan,nan,nan
0,0.06,6,0.9966795794133924,25.17780873125449,0.48342541436464087,circle:1,12.500286102294922,7.0235890422156295,0.08230630308389664,0.0008413359755650163,0.043571526557207106,0.045502080842852594,0,nan,nan,nan,nan,2,full,6,nan,nan,nan,nan,0.5,0.018616571032907814,0.016492233495227993,0.01750931014539674,11.088397790055248,11.088397790055248,0.5662983425414365,0.0,0.003320420586607637,nan,0.0,0.013415608828859482,0,EffortScale0.5,0.03591072287839814,0.0,virtual_asap,raw_ik,0.030421909071253635,4.0,2.0,4.0,0,requested,362,0.037500858306884766,0.012906812131404877,0.005310690837949443,0,0.0,nan,0.9363586054233536,0.13448281586170197,0.07344886884093285,0.027402062828179287,2,requested,finite,0.027596506284004597,0.0,0.13448281586170197,0.07344886884093285,0.027402062828179287,1,0.03974706679582596,0.03670214302837849,0.03831035513430834,0.03911895506083965,nan,nan,nan,nan,1807,0.059776838868856416,0.03348929002972248,214.56908170026904,circle,0,nan,nan,nan,nan
0,0.06,6,0.9966795794133924,13.921672400034597,0.505524861878453,circle:1,12.500286102294922,6.696676693711069,0.0793897733092308,0.0008460489916615188,0.04344293363392353,0.04496633797883988,0,nan,nan,nan,nan,2,full,6,nan,nan,nan,nan,1.0,0.01850837899837643,0.016525144514162093,0.017628307559061796,11.085635359116022,11.085635359116022,0.425414364640884,0.0,0.003320420586607637,nan,0.0,0.010899191420847802,0,EffortScale1,0.025410146028033296,0.0,virtual_asap,raw_ik,0.02435019301226349,4.0,2.0,4.0,0,requested,362,0.0475010871887207,0.014000027440488338,0.006023608524476974,0,0.0,nan,0.8516878804648589,0.08284875750541687,0.03035863600671291,0.013073628034871816,2,requested,finite,0.014054030201373354,0.0,0.08284875750541687,0.03035863600671291,0.013073628034871816,1,0.04033856466412544,0.036648767068982124,0.038334695249795915,0.03887342479079962,nan,nan,nan,nan,1807,0.054249378293752655,0.025976844738392728,213.0961362403989,circle,0,nan,nan,nan,nan
0,0.06,6,0.9966795794133924,12.961858980123745,0.5303867403314917,circle:1,12.500286102294922,6.472604300552843,0.07855615764856339,0.0008486200240440667,0.04342497922480106,0.04482866369187832,0,nan,nan,nan,nan,2,full,6,nan,nan,nan,nan,2.0,0.01835868402849883,0.016477465018397197,0.017746576969511808,11.08011049723757,11.08011049723757,0.4116022099447514,0.0,0.003320420586607637,nan,0.002213613724405091,0.012113435538650703,0,EffortScale2,0.02739625519433165,0.0,virtual_asap,raw_ik,0.026149644751124544,4.0,2.0,4.0,0,requested,362,0.059999942779541016,0.013183072209358215,0.005817409921748846,0,0.0,nan,0.8040951853901495,0.11045674234628677,0.026889913901686616,0.011668804959446315,2,requested,finite,0.011994870805081964,0.0,0.11045674234628677,0.026889913901686616,0.011668804959446315,1,0.03987709805369377,0.03655880503356457,0.038062168098986146,0.03853264454752207,nan,nan,nan,nan,1807,0.06403800621628761,0.030159475004882315,212.92879179871218,circle,0,nan,nan,nan,nan
0,0.06,6,0.9966795794133924,10.695424460595572,0.5386740331491713,circle:1,12.500286102294922,6.5228283563645535,0.0816197320818901,0.0008344780071638525,0.04380139261484146,0.04538035951554775,0,nan,nan,nan,nan,2,full,6,nan,nan,nan,nan,4.0,0.018722671025898308,0.016399433981860057,0.01811256627261173,11.104972375690608,11.104972375690608,0.3839779005524862,0.0,0.003320420586607637,nan,0.0,0.012709621062815184,0,EffortScale4,0.030114576697338812,0.0,virtual_asap,raw_ik,0.028033260085782094,4.0,2.0,4.0,0,requested,362,0.03927285969257355,0.011999963782727718,0.005047808751809708,0,0.0,nan,0.7576092971776425,0.07718558609485626,0.021267358958721082,0.009438593751329211,2,requested,finite,0.009596810909610058,0.0,0.07718558609485626,0.021267358958721082,0.009438593751329211,1,0.04012090712785721,0.03684759885072708,0.03842026777565479,0.039264763854444024,nan,nan,nan,nan,1807,0.06695550605654715,0.03218440281194253,212.86993525805264,circle,0,nan,nan,nan,nan
0,0.06,6,0.9966795794133924,7.416440699002592,0.6464088397790055,circle:1,12.500286102294922,5.707671374383385,0.07917524874210358,0.0008453840273432434,0.04383267648518085,0.044986941143870356,0,nan,nan,nan,nan,2,full,6,nan,nan,nan,nan,8.0,0.01915758301038295,0.016426313493866473,0.01790526888216846,11.102209944751381,11.102209944751381,0.2955801104972376,0.0,0.003320420586607637,nan,0.0005534034311012728,0.014025416795115752,0,EffortScale8,0.03400899909924956,0.0,virtual_asap,raw_ik,0.029887422566590972,4.0,2.0,4.0,0,requested,362,0.05291292071342468,0.008956869132816792,0.003984425125154861,0,0.0,nan,0.6015495296070835,0.0694189965724945,0.014217138290405272,0.006609858635106331,2,requested,finite,0.006480282793315933,0.0,0.0694189965724945,0.014217138290405272,0.006609858635106331,1,0.04059416428208351,0.036894943565130234,0.03857716061174869,0.03968623790889978,nan,nan,nan,nan,1807,0.07389812245965002,0.03556024668205612,212.67841855246,circle,0,nan,nan,nan,nan
0,0.06,6,0.9966795794133924,21.463912405991493,0.4558011049723757,circle:2,12.500286102294922,7.111557991392594,0.07821264117956161,0.0008452599868178368,0.04383895583450794,0.045488858595490456,0,nan,nan,nan,nan,2,full,6,nan,nan,nan,nan,0.25,0.019063009007368237,0.016517724987352267,0.01807626243971754,11.08011049723757,11.08011049723757,0.5607734806629834,0.0,0.003320420586607637,nan,0.0005534034311012728,0.011911183797014838,0,EffortScale0.25,0.02329451360021246,0.0,virtual_asap,raw_ik,0.025555204022251213,4.0,2.0,4.0,0,requested,362,0.04495354741811752,0.014183267951011658,0.005878133664827344,0,0.0,nan,0.9363586054233536,0.1710767149925232,0.05914648920297621,0.023807350332822757,2,requested,finite,0.024190772825171174,0.0,0.1710767149925232,0.05914648920297621,0.023807350332822757,2,0.04005266726016998,0.036931637674570084,0.03889916744083166,0.03990393485873937,nan,nan,nan,nan,1807,0.05160650014877319,0.02704320564297165,213.92256367004913,circle,0,nan,nan,nan,nan
0,0.06,6,0.9966795794133924,28.310564016068216,0.5497237569060773,circle:2,12.500286102294922,7.02588081371972,0.08036362379789352,0.0008429550216533244,0.04413427971303463,0.045404787287116055,0,nan,nan,nan,nan,2,full,6,nan,nan,nan,nan,0.5,0.019320560968481004,0.0166282995196525,0.018163559149252252,11.0939226519337,11.0939226519337,0.569060773480663,0.0,0.003320420586607637,nan,0.00387382401770891,0.014998780717115655,0,EffortScale0.5,0.041356175953823654,0.0,virtual_asap,raw_ik,0.03300175961740956,4.0,2.0,4.0,0,requested,362,0.0549999475479126,0.0139998197555542,0.006071095713276898,0,0.0,nan,0.9634753735473159,0.16189874708652496,0.07998728230595585,0.030902124026423033,2,requested,finite,0.030889132968101692,0.0,0.16189874708652496,0.07998728230595585,0.030902124026423033,2,0.04014945402741432,0.03724449686706066,0.038829445652663705,0.03944090213626623,nan,nan,nan,nan,1807,0.06446596011519432,0.03570095353056175,214.86188045190283,circle,0,nan,nan,nan,nan
0,0.06,6,0.9966795794133924,32.75332719351193,0.4530386740331492,circle:2,12.500286102294922,7.1926450374588695,0.0826902762055397,0.0008504789439029992,0.04445359259843826,0.04590425916016102,0,nan,nan,nan,nan,2,full,6,nan,nan,nan,nan,1.0,0.01922420598566532,0.0166635190253146,0.01830396158329677,11.077348066298342,11.077348066298342,0.505524861878453,0.0,0.003320420586607637,nan,0.005534034311012728,0.014985076586259015,0,EffortScale1,0.0326301191208626,0.0,virtual_asap,raw_ik,0.03232305093360027,4.0,2.0,4.0,0,requested,362,0.05926060676574707,0.014999985694885254,0.006515739252444311,0,0.0,nan,0.9418926397343663,0.16218765079975128,0.06688474714756004,0.027375399584972364,2,requested,finite,0.02684794025570955,0.0,0.16218765079975128,0.06688474714756004,0.027375399584972364,2,0.04095287621021271,0.03735293447971344,0.03920951597392559,0.039885527826845645,nan,nan,nan,nan,1807,0.06508848965167999,0.03491568917112515,215.143173715068,circle,0,nan,nan,nan,nan
0,0.06,6,0.9966795794133924,12.878447022972901,0.5165745856353591,circle:2,12.500286102294922,6.559052637215576,0.07881525158882141,0.0008428010041825473,0.04447391629219055,0.04602708265185356,0,nan,nan,nan,nan,2,full,6,nan,nan,nan,nan,2.0,0.01948496699333191,0.016625885502435267,0.01828223140910268,11.113259668508288,11.113259668508288,0.3756906077348066,0.0,0.003320420586607637,nan,0.0005534034311012728,0.01160000921935182,0,EffortScale2,0.027980966169629518,0.0,virtual_asap,raw_ik,0.024384015575994983,4.0,2.0,4.0,0,requested,362,0.05249994993209839,0.012408187612891197,0.005363271963744182,0,0.0,nan,0.7731045932484781,0.07743468880653381,0.024439182505011547,0.010587666020676003,2,requested,finite,0.011568734964073334,0.0,0.07743468880653381,0.024439182505011547,0.010587666020676003,2,0.04134369269013405,0.037212202325463295,0.03898796271532774,0.03990150358527898,nan,nan,nan,nan,1807,0.05562259070575237,0.0285344503482456,213.11097822645593,circle,0,nan,nan,nan,nan
0,0.06,6,0.9966795794133924,11.078025041118645,0.5331491712707183,circle:2,12.500286102294922,6.470723870050605,0.08183654397726059,0.0008332070428878069,0.04400786161422729,0.04583123572170735,0,nan,nan,nan,nan,2,full,6,nan,nan,nan,nan,4.0,0.026002591010183096,0.01647181247244589,0.018015524419024587,11.104972375690608,11.104972375690608,0.35911602209944754,0.0,0.003320420586607637,nan,0.0,0.012985205022147934,0,EffortScale4,0.031421848474032024,0.0,virtual_asap,raw_ik,0.02821677560138918,4.0,2.0,4.0,0,requested,362,0.037946850061416626,0.011445216834545135,0.005093118702328352,0,0.0,nan,0.7437742114001107,0.07640966773033142,0.022409246396273372,0.009540017049026493,2,requested,finite,0.009764034083114973,0.0,0.07640966773033142,0.022409246396273372,0.009540017049026493,2,0.0478646382689476,0.03684035874903202,0.0387594947591424,0.03966002102941275,nan,nan,nan,nan,1807,0.0678965859115123,0.03270266676054031,212.77832633576207,circle,0,nan,nan,nan,nan
0,0.06,6,0.9966795794133924,7.74330778689555,0.6408839779005525,circle:2,12.500286102294922,5.852544277862499,0.07952942699193954,0.000841172004584223,0.043800338357687,0.045834970250725755,0,nan,nan,nan,nan,2,full,6,nan,nan,nan,nan,8.0,0.019417034985963255,0.016555176523979753,0.018044459915836343,11.07182320441989,11.07182320441989,0.32044198895027626,0.0,0.003320420586607637,nan,0.0005534034311012728,0.014220044689413541,0,EffortScale8,0.03376003945041735,0.0,virtual_asap,raw_ik,0.030368466205734006,4.0,2.0,4.0,0,requested,362,0.04474617540836334,0.009498588740825653,0.004287727801798872,0,0.0,nan,0.6115107913669064,0.06635567545890808,0.014122628420591313,0.0064396288651495945,2,requested,finite,0.006403754629114476,0.0,0.06635567545890808,0.014122628420591313,0.0064396288651495945,2,0.040155377238988876,0.03698897734284401,0.038880651071667674,0.03979026239365339,nan,nan,nan,nan,1807,0.07559044584631917,0.03615211652608741,212.5747793683147,circle,0,nan,nan,nan,nan
0,0.06,6,0.9966795794133924,26.43800701996482,0.5,figure8:0,12.500286102294922,7.1236619411863815,0.07591190189123154,0.0008332079742103815,0.043446088954806325,0.04494307950139046,0,nan,nan,nan,nan,2,full,6,nan,nan,nan,nan,0.25,0.018898884009104222,0.016368414479075,0.01783111304685008,11.124309392265193,11.124309392265193,0.5828729281767956,0.0,0.003320420586607637,nan,0.0016602102933038186,0.014179580746595819,0,EffortScale0.25,0.03382094146469072,0.0,virtual_asap,raw_ik,0.031918519334393256,4.0,2.0,4.0,0,requested,362,0.05000022053718567,0.01361495815217495,0.005816272565356211,0,0.0,nan,0.9601549529607084,0.1488294154405594,0.08631186038255688,0.030649450980135096,2,requested,finite,0.031022979054150572,0.0,0.1488294154405594,0.08631186038255688,0.030649450980135096,0,0.039249856024980545,0.03655591234564781,0.03832666203379631,0.039128283560276034,nan,nan,nan,nan,1807,0.06635049059987065,0.03490232687768764,214.57612193347285,figure8,0,nan,nan,nan,nan
0,0.06,6,0.9966795794133924,39.632295511478816,0.425414364640884,figure8:0,12.500286102294922,7.741948595342027,0.08001712709665298,0.0008465610444545746,0.04425294585525989,0.046034452468156815,0,nan,nan,nan,nan,2,full,6,nan,nan,nan,nan,0.5,0.018883040000218898,0.016753455507569015,0.018266386797768062,11.138121546961326,11.138121546961326,0.6961325966850829,0.0,0.003320420586607637,nan,0.002767017155506364,0.022002259950776155,0,EffortScale0.5,0.04811880251650104,0.0,virtual_asap,raw_ik,0.0478834391451739,4.0,2.0,4.0,0,requested,362,0.0560758113861084,0.015999794006347656,0.006788410899967123,0,0.0,nan,0.9634753735473159,0.20592164993286133,0.10444955006241796,0.044603906491013236,2,requested,finite,0.04189714068496904,0.0,0.20592164993286133,0.10444955006241796,0.044603906491013236,0,0.040342677384614944,0.03732089884579182,0.03906966913491487,0.04000937383621931,nan,nan,nan,nan,1807,0.08162591308355331,0.04862492463113554,217.15436388350597,figure8,0,nan,nan,nan,nan
0,0.06,6,0.9966795794133924,15.468242593296736,0.5220994475138122,figure8:0,12.500286102294922,6.628610759722814,0.07875918596982956,0.0008432770264334977,0.0441110972315073,0.045571287274360654,0,nan,nan,nan,nan,2,full,6,nan,nan,nan,nan,1.0,0.019788058998528868,0.016658674489008263,0.01815687980270013,11.082872928176796,11.082872928176796,0.4198895027624309,0.0,0.003320420586607637,nan,0.0016602102933038186,0.011656361951817715,0,EffortScale1,0.02341094501917266,0.0,virtual_asap,raw_ik,0.02439351699582006,4.0,2.0,4.0,0,requested,362,0.059999942779541016,0.013000089675188065,0.005587836785300402,0,0.0,nan,0.8284449363586054,0.13412386178970337,0.033935368806123724,0.015861608585658604,2,requested,finite,0.01594151811543847,0.0,0.13412386178970337,0.033935368806123724,0.015861608585658604,0,0.04307562857866287,0.037342917174100876,0.0392252080142498,0.03980370283126831,nan,nan,nan,nan,1807,0.05870548114180564,0.02775227572663047,213.28287460433774,figure8,0,nan,nan,nan,nan
0,0.06,6,0.9966795794133924,11.241903290719367,0.5662983425414365,figure8:0,12.500286102294922,6.315425518280383,0.07983923703432083,0.0008484069840051234,0.044239447638392444,0.04577834136784077,0,nan,nan,nan,nan,2,full,6,nan,nan,nan,nan,2.0,0.018934866995550692,0.016682606510585174,0.0179767741530668,11.088397790055248,11.088397790055248,0.4005524861878453,0.0,0.003320420586607637,nan,0.0,0.011560409557022706,0,EffortScale2,0.025395021139956942,0.0,virtual_asap,raw_ik,0.025560527294704167,4.0,2.0,4.0,0,requested,362,0.04285691678524017,0.011364463716745377,0.00487446561760424,0,0.0,nan,0.7880464858882125,0.08162729442119598,0.023955099284648805,0.010088503345961605,2,requested,finite,0.010921353210492812,0.0,0.08162729442119598,0.023955099284648805,0.010088503345961605,0,0.0405336432158947,0.03711141459643841,0.03885656856000423,0.03959922343492508,nan,nan,nan,nan,1807,0.07026287987828252,0.02938690017997319,212.83476753275622,figure8,0,nan,nan,nan,nan
0,0.06,6,0.9966795794133924,10.94233502828187,0.6215469613259669,figure8:0,12.500286102294922,5.9540717798778235,0.07866550236940384,0.0008442350081168115,0.04407776519656181,0.0454337540268898,0,nan,nan,nan,nan,2,full,6,nan,nan,nan,nan,4.0,0.019648693036288023,0.016606134013272822,0.018153310607885942,11.08011049723757,11.08011049723757,0.3397790055248619,0.0,0.003320420586607637,nan,0.0,0.012676798784906355,0,EffortScale4,0.0279900676681461,0.0,virtual_asap,raw_ik,0.026734952866770082,4.0,2.0,4.0,0,requested,362,0.045272499322891235,0.00964898569509387,0.004297056084248872,0,0.0,nan,0.7028223574986165,0.12594100832939148,0.02249157503247255,0.011121116371187659,2,requested,finite,0.01093915447980163,0.0,0.12594100832939148,0.02249157503247255,0.011121116371187659,0,0.04063863307237625,0.03711830824613571,0.03881767969578505,0.03995153706520795,nan,nan,nan,nan,1807,0.0701536431908607,0.031830259710190045,212.789014377619,figure8,0,nan,nan,nan,nan
0,0.06,6,0.9966795794133924,9.383157730303845,0.7237569060773481,figure8:0,12.500286102294922,5.355693885618681,0.07800958305597305,0.0008324549999088049,0.04324728399515152,0.04506833128631115,0,nan,nan,nan,nan,2,full,6,nan,nan,nan,nan,8.0,0.01854704401921481,0.016409573989221826,0.017781905448646284,11.046961325966851,11.046961325966851,0.2900552486187845,0.0,0.003320420586607637,nan,0.0,0.013484425927120638,0,EffortScale8,0.029806132823878687,0.0,virtual_asap,raw_ik,0.02836910899103051,4.0,2.0,4.0,0,requested,362,0.04249995946884155,0.008334144949913025,0.0038262775641413798,0,0.0,nan,0.5345877144438296,0.076535165309906,0.016965298727154722,0.007715568545404234,2,requested,finite,0.006965161309124108,0.0,0.076535165309906,0.016965298727154722,0.007715568545404234,0,0.03997303545475006,0.03662777505815029,0.03808264918625355,0.03898847214877605,nan,nan,nan,nan,1807,0.07511955276131627,0.03463407828900864,212.9148315143992,figure8,0,nan,nan,nan,nan
0,0.06,6,0.9966795794133924,33.503067121130876,0.4088397790055249,figure8:1,12.500286102294922,7.642621108948987,0.07665334641933441,0.0008378610364161432,0.04416903592646122,0.045348530709743505,0,nan,nan,nan,nan,2,full,6,nan,nan,nan,nan,0.25,0.019177554990164936,0.0165343240078073,0.01785024090204388,11.11878453038674,11.11878453038674,0.6602209944751382,0.0,0.003320420586607637,nan,0.0005534034311012728,0.018461674020941177,0,EffortScale0.25,0.04316555691367985,0.0,virtual_asap,raw_ik,0.0407377389430786,4.0,2.0,4.0,0,requested,362,0.05250120162963867,0.016999781131744385,0.007029935496712596,0,0.0,nan,0.9607083563918096,0.24277785420417786,0.09208425171673297,0.03636221932600159,2,requested,finite,0.03409723622547823,0.0005534034311012728,0.24277785420417786,0.09208425171673297,0.03636221932600159,1,0.03954443335533142,0.03701159171760082,0.038633447326719764,0.039323021955788136,nan,nan,nan,nan,1807,0.07159684523940081,0.03972975811496025,215.42578482907751,figure8,0,nan,nan,nan,nan
0,0.06,6,0.9966795794133924,14.648125567110247,0.48066298342541436,figure8:1,12.500286102294922,6.810931243115631,0.0782315582036972,0.0008379610371775925,0.04392806068062782,0.04532851912081242,0,nan,nan,nan,nan,2,full,6,nan,nan,nan,nan,0.5,0.020234894996974617,0.016593854990787804,0.01786575487931259,11.088397790055248,11.088397790055248,0.4558011049723757,0.0,0.003320420586607637,nan,0.0005534034311012728,0.01023369533398305,0,EffortScale0.5,0.02282499430829466,0.0,virtual_asap,raw_ik,0.023063717935211687,4.0,2.0,4.0,0,requested,362,0.049190305173397064,0.012629251927137375,0.005645724011902952,0,0.0,nan,0.8992805755395683,0.11846766620874405,0.03577180691063399,0.0156705408543333,2,requested,finite,0.01662108127849473,0.0,0.11846766620874405,0.03577180691063399,0.0156705408543333,1,0.04589182510972023,0.036896487697958946,0.03865553941577673,0.03936851095408201,nan,nan,nan,nan,1807,0.05491267107427118,0.026039005310984176,212.95868743245128,figure8,0,nan,nan,nan,nan
0,0.06,6,0.9966795794133924,16.30308572793136,0.5524861878453039,figure8:1,12.500286102294922,6.563825946193026,0.07879596203565598,0.0008473730413243175,0.044254856929183004,0.04579938292503358,0,nan,nan,nan,nan,2,full,6,nan,nan,nan,nan,1.0,0.018914432963356376,0.016632351995212957,0.01789682652160991,11.082872928176796,11.082872928176796,0.430939226519337,0.0,0.003320420586607637,nan,0.0005534034311012728,0.011076674604491278,0,EffortScale1,0.026515256289448595,0.0,virtual_asap,raw_ik,0.022915384513730257,4.0,2.0,4.0,0,requested,362,0.05575042963027954,0.011999845504760742,0.0052833619096693835,0,0.0,nan,0.8882125069175429,0.12338556349277496,0.033546283654868544,0.014822528597887085,2,requested,finite,0.015229639027396753,0.0,0.12338556349277496,0.033546283654868544,0.014822528597887085,1,0.03943605348467827,0.037027280777692795,0.03853606805205345,0.03926868107169867,nan,nan,nan,nan,1807,0.053629732131958006,0.026447777003591924,213.17604289464595,figure8,0,nan,nan,nan,nan
0,0.06,6,0.9966795794133924,10.694998746299511,0.511049723756906,figure8:1,12.500286102294922,6.631487403893227,0.08085119724273682,0.0008384390384890139,0.043791541084647174,0.04536540985107422,0,nan,nan,nan,nan,2,full,6,nan,nan,nan,nan,2.0,0.01859669404802844,0.016571869025938213,0.017753260923200287,11.107734806629834,11.107734806629834,0.3784530386740331,0.0,0.003320420586607637,nan,0.0,0.011400426424044319,0,EffortScale2,0.026443860513715972,0.0,virtual_asap,raw_ik,0.02432609338852195,4.0,2.0,4.0,0,requested,362,0.04749986529350281,0.01233789324760437,0.005387904538708488,0,0.0,nan,0.8107360265633647,0.07115447521209717,0.024054530914872863,0.01007697853442046,2,requested,finite,0.010585233620870818,0.0,0.07115447521209717,0.024054530914872863,0.01007697853442046,1,0.03990977630019188,0.03688356280326843,0.03839683774858713,0.03941656850278377,nan,nan,nan,nan,1807,0.05902638211846351,0.02851722721394816,212.90567280488386,figure8,0,nan,nan,nan,nan
0,0.06,6,0.9966795794133924,9.149381727588858,0.569060773480663,figure8:1,12.500286102294922,6.28562296815974,0.07764095813035965,0.0008349990239366889,0.043538912385702136,0.044712155535817144,0,nan,nan,nan,nan,2,full,6,nan,nan,nan,nan,4.0,0.01883334800368175,0.016506567015312612,0.01765724342840258,11.12707182320442,11.12707182320442,0.35082872928176795,0.0,0.003320420586607637,nan,0.0,0.012391868427714477,0,EffortScale4,0.02864333392605808,0.0,virtual_asap,raw_ik,0.027156923221326762,4.0,2.0,4.0,0,requested,362,0.037499964237213135,0.009929572232067585,0.004237674690193533,0,0.0,nan,0.701715550636414,0.07129012793302536,0.018547695875167844,0.007955240878901787,2,requested,finite,0.008478017164866748,0.0,0.07129012793302536,0.018547695875167844,0.007955240878901787,1,0.04040563851594925,0.036630308255553246,0.0383885707706213,0.03928812455385923,nan,nan,nan,nan,1807,0.06993689090013504,0.03176496368877659,212.7701309903263,figure8,0,nan,nan,nan,nan
0,0.06,6,0.9966795794133924,7.271016981935045,0.7513812154696132,figure8:1,12.500286102294922,5.144498138206131,0.08097589761018753,0.0008281649788841605,0.043168748170137404,0.0445813362300396,0,nan,nan,nan,nan,2,full,6,nan,nan,nan,nan,8.0,0.01894893404096365,0.01638025150168687,0.017657771991798653,11.091160220994475,11.091160220994475,0.20165745856353592,0.0,0.003320420586607637,nan,0.0011068068622025456,0.013304436323197392,0,EffortScale8,0.030275448869755712,0.0,virtual_asap,raw_ik,0.028245108150972458,4.0,2.0,4.0,0,requested,362,0.04400002956390381,0.0069999098777771,0.0035091046208619815,0,0.0,nan,0.5041505257332596,0.06302517652511597,0.01162939444184302,0.005734512818046038,2,requested,finite,0.005765545227203292,0.0,0.06302517652511597,0.01162939444184302,0.005734512818046038,1,0.04013723507523537,0.03633768670260906,0.03779059164226055,0.038322959169745444,nan,nan,nan,nan,1807,0.07781848460435867,0.03445467892614247,212.56353826484352,figure8,0,nan,nan,nan,nan
0,0.06,6,0.9966795794133924,29.834275732088408,0.5276243093922652,figure8:2,12.500286102294922,7.089369954394979,0.07825356721878052,0.0008403940009884536,0.04392314814031124,0.045883512869477276,0,nan,nan,nan,nan,2,full,6,nan,nan,nan,nan,0.25,0.01930029201321304,0.016594590502791107,0.018020540694124065,11.132596685082873,11.132596685082873,0.6022099447513812,0.0,0.003320420586607637,nan,0.0,0.016810242176407076,0,EffortScale0.25,0.04654299418154078,0.0,virtual_asap,raw_ik,0.037253548201879726,4.0,2.0,4.0,0,requested,362,0.04977194964885712,0.01300002634525299,0.005656473009189713,0,0.0,nan,0.9263973436635307,0.18381357192993164,0.08543929159641257,0.0332306037086701,2,requested,finite,0.033009679000964916,0.0005534034311012728,0.18381357192993164,0.08543929159641257,0.0332306037086701,2,0.04034361615777016,0.03687385097146034,0.03875396549701691,0.03938564717769623,nan,nan,nan,nan,1807,0.07517283037304877,0.040353175210489034,215.2047108392152,figure8,0,nan,nan,nan,nan
0,0.06,6,0.9966795794133924,13.522018182756277,0.48066298342541436,figure8:2,12.500286102294922,6.793816307689044,0.07874368131160736,0.0008493830100633204,0.043938099592924114,0.04542910769581795,0,nan,nan,nan,nan,2,full,6,nan,nan,nan,nan,0.5,0.023373400967102498,0.016565181489568204,0.01764782292302698,11.077348066298342,11.077348066298342,0.4447513812154696,0.0,0.003320420586607637,nan,0.002213613724405091,0.009839551908692765,0,EffortScale0.5,0.02176483233274828,0.0,virtual_asap,raw_ik,0.021707470599607977,4.0,2.0,4.0,0,requested,362,0.06249992176890373,0.01300002634525299,0.00573380735944247,0,0.0,nan,0.8594355285002767,0.09183142334222794,0.02778534740209579,0.011978978200013988,2,requested,finite,0.013029185430302832,0.0,0.09183142334222794,0.02778534740209579,0.011978978200013988,2,0.046609461307525635,0.036962347105145454,0.03863956369459629,0.03947463322430849,nan,nan,nan,nan,1807,0.05349390767514705,0.02422032706905567,213.15115361321844,figure8,0,nan,nan,nan,nan
0,0.06,6,0.9966795794133924,17.781737508195345,0.5248618784530387,figure8:2,12.500286102294922,6.611054717653716,0.07991822808980942,0.0008247370133176446,0.04337685592472553,0.04471561767160893,0,nan,nan,nan,nan,2,full,6,nan,nan,nan,nan,1.0,0.018746927962638438,0.016487732995301485,0.01764581848983653,11.077348066298342,11.077348066298342,0.42265193370165743,0.0,0.003320420586607637,nan,0.0,0.010883875770768625,0,EffortScale1,0.02303068494604723,0.0,virtual_asap,raw_ik,0.024709631490040226,4.0,2.0,4.0,0,requested,362,0.04502701759338379,0.012681059539318085,0.005533704504013967,0,0.0,nan,0.841726618705036,0.13585461676120758,0.04103556275367737,0.018514128085863522,2,requested,finite,0.019707984870321677,0.0,0.13585461676120758,0.04103556275367737,0.018514128085863522,2,0.03992512449622154,0.036671243607997894,0.038219275511801244,0.03901590406894683,nan,nan,nan,nan,1807,0.054084033146500586,0.026834763696223472,213.58019393069785,figure8,0,nan,nan,nan,nan
0,0.06,6,0.9966795794133924,15.673353888412386,0.5414364640883977,figure8:2,12.500286102294922,6.555424217082286,0.07973122596740723,0.0008511180058121681,0.04442507885396481,0.0454567214846611,0,nan,nan,nan,nan,2,full,6,nan,nan,nan,nan,2.0,0.018745435983873904,0.01669233400025405,0.017845329327974467,11.08011049723757,11.08011049723757,0.3756906077348066,0.0,0.003320420586607637,nan,0.0005534034311012728,0.010537067609416265,0,EffortScale2,0.024611569511795765,0.0,virtual_asap,raw_ik,0.023237418055475315,4.0,2.0,4.0,0,requested,362,0.04800009727478027,0.010318651795387268,0.0051252014389727265,0,0.0,nan,0.7874930824571112,0.10236843675374985,0.027187229134142385,0.012249518119686184,2,requested,finite,0.012991938970674756,0.0,0.10236843675374985,0.027187229134142385,0.012249518119686184,2,0.039881832897663116,0.037130627781152725,0.0388933926820755,0.039276029840111734,nan,nan,nan,nan,1807,0.05036302506923672,0.025784164179274222,213.00335762343397,figure8,0,nan,nan,nan,nan
0,0.06,6,0.9966795794133924,9.076989336428007,0.5773480662983426,figure8:2,12.500286102294922,6.227374943029661,0.07634630054235458,0.0008420950034633279,0.0437758382409811,0.04490353085100651,0,nan,nan,nan,nan,2,full,6,nan,nan,nan,nan,4.0,0.019705547019839287,0.01659332701819949,0.017819285418954677,11.082872928176796,11.082872928176796,0.35359116022099446,0.0,0.003320420586607637,nan,0.0011068068622025456,0.0118863847861631,0,EffortScale4,0.02788171785848395,0.0,virtual_asap,raw_ik,0.024601863136972022,4.0,2.0,4.0,0,requested,362,0.0500011146068573,0.010648448020219803,0.0047139289625262246,0,0.0,nan,0.697841726618705,0.08142474293708801,0.0182813599705696,0.008350178560716985,2,requested,finite,0.008885571177064603,0.0,0.08142474293708801,0.0182813599705696,0.008350178560716985,2,0.03978927806019783,0.03689044713973999,0.038363063149154185,0.03938700661063194,nan,nan,nan,nan,1807,0.05467254072427749,0.028958969516119273,212.70951856661497,figure8,0,nan,nan,nan,nan
0,0.06,6,0.9966795794133924,6.707792119887316,0.7071823204419889,figure8:2,12.500286102294922,5.386266270898531,0.08174142986536026,0.000828994030598551,0.04337170906364917,0.045146688520908355,0,nan,nan,nan,nan,2,full,6,nan,nan,nan,nan,8.0,0.018319347989745438,0.016396163497120142,0.017573293900932187,11.07182320441989,11.07182320441989,0.24861878453038674,0.0,0.003320420586607637,nan,0.002213613724405091,0.01314023380532744,0,EffortScale8,0.02984163906471818,0.0,virtual_asap,raw_ik,0.02845575626077827,4.0,2.0,4.0,0,requested,362,0.0975000262260437,0.008577316999435425,0.004186042359541275,0,0.0,nan,0.5224128389596016,0.07028771936893463,0.012149865925312036,0.005870228393817708,2,requested,finite,0.005638427860649641,0.0,0.07028771936893463,0.012149865925312036,0.005870228393817708,2,0.0395997129380703,0.03649849630892277,0.03809834625571966,0.03890636760741472,nan,nan,nan,nan,1807,0.07125907391309737,0.03357338570710043,212.67532125615224,figure8,0,nan,nan,nan,nan
0,0.06,6,0.9960185799601858,37.17831918711987,0.423841059602649,fast_ellipse:0,12.500286102294922,7.6183903001945215,0.07997611910104752,0.0008415550109930336,0.04360771514475346,0.04500482201576233,0,nan,nan,nan,nan,2,full,6,nan,nan,nan,nan,0.25,0.029748091008514166,0.016586348501732573,0.017803463901509532,11.248344370860927,11.248344370860927,0.6688741721854304,0.0,0.003981420039814201,nan,0.0013271400132714001,0.019100581533008486,0,EffortScale0.25,0.04467432088411848,0.0,virtual_asap,raw_ik,0.042107136916971995,4.0,2.0,4.0,0,requested,302,0.04913225769996643,0.01580846682190895,0.006735154431700904,0,0.0,nan,0.9562043795620438,0.2090076357126236,0.09882159754633899,0.04061561082123265,2,requested,finite,0.03995096872143385,0.0,0.2090076357126236,0.09882159754633899,0.04061561082123265,0,0.051416583359241486,0.03714717552065849,0.03891059681773185,0.03995011817663908,nan,nan,nan,nan,1507,0.08142654299736024,0.04461486502449667,214.9290947521077,fast_ellipse,0,nan,nan,nan,nan
0,0.06,6,0.9960185799601858,33.45080461724518,0.4271523178807947,fast_ellipse:0,12.500286102294922,7.505633297501557,0.07934244722127914,0.0008311489946208894,0.04319160580635071,0.04486519038677216,0,nan,nan,nan,nan,2,full,6,nan,nan,nan,nan,0.5,0.01923910604091361,0.016484384512295946,0.01775917726336047,11.182119205298013,11.182119205298013,0.6688741721854304,0.0,0.003981420039814201,nan,0.0,0.019999829426529364,0,EffortScale0.5,0.05454326937320863,0.0,virtual_asap,raw_ik,0.043295866388937065,4.0,2.0,4.0,0,requested,302,0.046634554862976074,0.015754930675029755,0.0067046834760323545,0,0.0,nan,0.9562043795620438,0.19645607471466064,0.09402893967926498,0.03729164092530401,2,requested,finite,0.036461647456383015,0.0,0.19645607471466064,0.09402893967926498,0.03729164092530401,0,0.041204195469617844,0.03683343157172203,0.03868318423628807,0.04011321615427733,nan,nan,nan,nan,1507,0.08855111375451089,0.045819021412428475,214.139068725187,fast_ellipse,0,nan,nan,nan,nan
0,0.06,6,0.9960185799601858,16.6357984995301,0.5,fast_ellipse:0,12.500286102294922,6.816411083938415,0.07957924157381058,0.0008310640114359558,0.04319478869438172,0.0445018094778061,0,nan,nan,nan,nan,2,full,6,nan,nan,nan,nan,1.0,0.018708489020355046,0.016593676526099443,0.01777880113804713,11.132450331125828,11.132450331125828,0.4602649006622517,0.0,0.003981420039814201,nan,0.0019907100199071004,0.013676922869179932,0,EffortScale1,0.03904222214744014,0.0,virtual_asap,raw_ik,0.02968142822147206,4.0,2.0,4.0,0,requested,302,0.04999995231628418,0.015000343322753906,0.006473261429971075,0,0.0,nan,0.8885202388852024,0.14940354228019714,0.033772028237581235,0.015378825160293952,2,requested,finite,0.015536465474057747,0.0,0.14940354228019714,0.033772028237581235,0.015378825160293952,0,0.03969069570302963,0.036848168820142746,0.038431807048618795,0.039191139973700044,nan,nan,nan,nan,1507,0.06800038069486619,0.033405280006765854,211.6898597157112,fast_ellipse,0,nan,nan,nan,nan
0,0.06,6,0.9960185799601858,13.42503988295637,0.5198675496688742,fast_ellipse:0,12.500286102294922,6.553793798974316,0.07782962918281555,0.0008409779984503984,0.04342254549264908,0.044603727981448175,0,nan,nan,nan,nan,2,full,6,nan,nan,nan,nan,2.0,0.018562582961749285,0.016500498983077705,0.017542320385109632,11.082781456953642,11.082781456953642,0.4205298013245033,0.0,0.003981420039814201,nan,0.0013271400132714001,0.01375961953739988,0,EffortScale2,0.039730598191853796,0.0,virtual_asap,raw_ik,0.03116699734655748,4.0,2.0,4.0,0,requested,302,0.04752713441848755,0.014999806880950928,0.0059486100576611085,0,0.0,nan,0.8122096881220969,0.07873847335577011,0.027747500687837576,0.01185749948208171,2,requested,finite,0.013063043801697366,0.0,0.07873847335577011,0.027747500687837576,0.01185749948208171,0,0.03941910341382027,0.0367363765835762,0.038356929644942285,0.03871016826480627,nan,nan,nan,nan,1507,0.06762172430753707,0.03473200043752148,211.45158660522173,fast_ellipse,0,nan,nan,nan,nan
0,0.06,6,0.9960185799601858,17.22276444651747,0.5894039735099338,fast_ellipse:0,12.500286102294922,6.384389767568386,0.07827750593423843,0.0008401540108025074,0.04333329759538174,0.04441728010773659,0,nan,nan,nan,nan,2,full,6,nan,nan,nan,nan,4.0,0.01911927596665919,0.01660192952840589,0.017817891528829934,11.043046357615895,11.043046357615895,0.39072847682119205,0.0,0.003981420039814201,nan,0.0019907100199071004,0.015687594212557613,0,EffortScale4,0.04598792393020231,0.0,virtual_asap,raw_ik,0.034012713413691394,4.0,2.0,4.0,0,requested,302,0.04999926686286926,0.01126282662153244,0.004994624253006597,0,0.0,nan,0.8022561380225613,0.09521234035491943,0.034460036084055894,0.014686287968061117,2,requested,finite,0.014711748040486488,0.0,0.09521234035491943,0.034460036084055894,0.014686287968061117,0,0.039880141615867615,0.037003807723522186,0.03863867111504078,0.03949366103857756,nan,nan,nan,nan,1507,0.07308903709053993,0.0389408967675325,211.73513235467234,fast_ellipse,0,nan,nan,nan,nan
0,0.06,6,0.9960185799601858,9.350589528528216,0.6788079470198676,fast_ellipse:0,12.500286102294922,5.6445282424852,0.08847936987876892,0.0008469659951515496,0.04344767592847347,0.044503372684121134,0,nan,nan,nan,nan,2,full,6,nan,nan,nan,nan,8.0,0.019135336973704398,0.016746961482567713,0.017878108710283412,11.082781456953642,11.082781456953642,0.31456953642384106,0.0,0.003981420039814201,nan,0.0,0.015988497369376613,0,EffortScale8,0.04229241761052103,0.0,virtual_asap,raw_ik,0.03353992437913934,4.0,2.0,4.0,0,requested,302,0.03077530860900879,0.009757895022630692,0.00404280940783411,0,0.0,nan,0.5627073656270737,0.06676235795021057,0.015651515871286353,0.007299160786212492,2,requested,finite,0.007062730705989461,0.0,0.06676235795021057,0.015651515871286353,0.007299160786212492,0,0.0398903489112854,0.037169164046645164,0.039186292141675946,0.03979141868650913,nan,nan,nan,nan,1507,0.07710047289729119,0.039839744521201946,211.23230940064605,fast_ellipse,0,nan,nan,nan,nan
0,0.06,6,0.9960185799601858,34.84182578021497,0.44039735099337746,fast_ellipse:1,12.500286102294922,7.5309339298237745,0.08140826970338821,0.0008435359923169017,0.04346285648643971,0.045066419914364816,0,nan,nan,nan,nan,2,full,6,nan,nan,nan,nan,0.25,0.019400643999688327,0.016713632474420592,0.01792966046195943,11.21523178807947,11.21523178807947,0.7119205298013245,0.0,0.003981420039814201,nan,0.0013271400132714001,0.018743530234905097,0,EffortScale0.25,0.05347345655024719,0.0,virtual_asap,raw_ik,0.040700740500806964,4.0,2.0,4.0,0,requested,302,0.04800009727478027,0.016491487622261047,0.006845442712258233,0,0.0,nan,0.9528865295288653,0.21329724788665771,0.09015452973544597,0.03537444083334872,2,requested,finite,0.03474142797501624,0.0,0.21329724788665771,0.09015452973544597,0.03537444083334872,1,0.03969941660761833,0.03728019632399082,0.038900849781930445,0.039429525770246984,nan,nan,nan,nan,1507,0.07974675521254541,0.042518056482453395,214.1253886765469,fast_ellipse,0,nan,nan,nan,nan
0,0.06,6,0.9960185799601858,26.166099557387223,0.5331125827814569,fast_ellipse:1,12.500286102294922,7.0087763501500975,0.0793587788939476,0.0008449240121990442,0.043302697315812114,0.04456506729125977,0,nan,nan,nan,nan,2,full,6,nan,nan,nan,nan,0.5,0.01891496399184689,0.01667240948881954,0.01790057474572677,11.205298013245033,11.205298013245033,0.5132450331125827,0.0,0.003981420039814201,nan,0.0006635700066357001,0.014766133520811336,0,EffortScale0.5,0.040669253117040005,0.0,virtual_asap,raw_ik,0.03240090582078843,4.0,2.0,4.0,0,requested,302,0.04749995470046997,0.01300002634525299,0.005579133801526498,0,0.0,nan,0.9528865295288653,0.16271695494651794,0.07019276469945905,0.02742181371220325,2,requested,finite,0.027951701361609,0.0,0.16271695494651794,0.07019276469945905,0.02742181371220325,1,0.03974808752536774,0.03702381253242493,0.03882945943623781,0.03951496995985508,nan,nan,nan,nan,1507,0.0696013443171978,0.03579339458838959,213.06104879625437,fast_ellipse,0,nan,nan,nan,nan
0,0.06,6,0.9960185799601858,19.171221524890967,0.48013245033112584,fast_ellipse:1,12.500286102294922,6.874230626039843,0.07894515991210938,0.0008351689903065562,0.043034860864281654,0.04437420226633549,0,nan,nan,nan,nan,2,full,6,nan,nan,nan,nan,1.0,0.018475411052349955,0.016470186004880816,0.017637253319844604,11.155629139072847,11.155629139072847,0.46688741721854304,0.0,0.003981420039814201,nan,0.0,0.013602961410973658,0,EffortScale1,0.03758228177536581,0.0,virtual_asap,raw_ik,0.03018096416876946,4.0,2.0,4.0,0,requested,302,0.04459753632545471,0.014263246208429337,0.0060980042423105195,0,0.0,nan,0.927007299270073,0.10597452521324158,0.04352580383419987,0.01817950381426848,2,requested,finite,0.018935412742557,0.0,0.10597452521324158,0.04352580383419987,0.01817950381426848,1,0.038989439606666565,0.03669685311615467,0.0380930382758379,0.038431869670748714,nan,nan,nan,nan,1507,0.06146770305931568,0.03297616378560032,211.9094513640162,fast_ellipse,0,nan,nan,nan,nan
0,0.06,6,0.9960185799601858,14.657960390254805,0.5165562913907285,fast_ellipse:1,12.500286102294922,6.760790696554092,0.07901832461357117,0.0008329700212925673,0.0434311356395483,0.04489810675382614,0,nan,nan,nan,nan,2,full,6,nan,nan,nan,nan,2.0,0.01854308700421825,0.016543823498068377,0.017625692416913807,11.049668874172186,11.049668874172186,0.4470198675496689,0.0,0.003981420039814201,nan,0.0006635700066357001,0.013224567587763629,0,EffortScale2,0.03726214563424545,0.0,virtual_asap,raw_ik,0.02729648908113463,4.0,2.0,4.0,0,requested,302,0.053214430809020996,0.014046333730220795,0.005987052847572786,0,0.0,nan,0.8798938287989383,0.08305509388446808,0.029669719189405423,0.012839626622351007,2,requested,finite,0.013337576011477687,0.0,0.08305509388446808,0.029669719189405423,0.012839626622351007,1,0.03967209532856941,0.03674747422337532,0.038385339267551895,0.03937909364700318,nan,nan,nan,nan,1507,0.061958154663443565,0.03202484260512558,211.27178272912298,fast_ellipse,0,nan,nan,nan,nan
0,0.06,6,0.9960185799601858,13.756305939034181,0.5794701986754967,fast_ellipse:1,12.500286102294922,6.3311137654383485,0.07978755980730057,0.0008306610397994518,0.04264469370245934,0.04391844093799591,0,nan,nan,nan,nan,2,full,6,nan,nan,nan,nan,4.0,0.01848934101872146,0.01644659647718072,0.0176922983082477,11.059602649006623,11.059602649006623,0.38741721854304634,0.0,0.003981420039814201,nan,0.0019907100199071004,0.014078846686428585,0,EffortScale4,0.03862347703578879,0.0,virtual_asap,raw_ik,0.030123288815002012,4.0,2.0,4.0,0,requested,302,0.0549999475479126,0.01219252496957779,0.005362338562095614,0,0.0,nan,0.8049104180491041,0.08800160884857178,0.028731951862573622,0.012397446633539195,2,requested,finite,0.012769979704029337,0.0,0.08800160884857178,0.028731951862573622,0.012397446633539195,1,0.03963213041424751,0.036518944427371025,0.038123983144760135,0.03917998485267163,nan,nan,nan,nan,1507,0.06648083031177521,0.034374217084796266,211.47036697461158,fast_ellipse,0,nan,nan,nan,nan
0,0.06,6,0.9960185799601858,9.166712724754193,0.6258278145695364,fast_ellipse:1,12.500286102294922,5.859360678103098,0.07782505452632904,0.0008188490173779428,0.04251370131969452,0.04371251292526722,0,nan,nan,nan,nan,2,full,6,nan,nan,nan,nan,8.0,0.018426898983307183,0.016305013472447172,0.01733610106166452,11.04635761589404,11.04635761589404,0.3211920529801324,0.0,0.003981420039814201,nan,0.0019907100199071004,0.015946837899346027,0,EffortScale8,0.04161885400061154,0.0,virtual_asap,raw_ik,0.03316900080062324,4.0,2.0,4.0,0,requested,302,0.04999995231628418,0.01029222458600998,0.004531754645310571,0,0.0,nan,0.5932315859323158,0.08306506276130676,0.016924030333757386,0.007584002209491617,2,requested,finite,0.007455335012009382,0.0,0.08306506276130676,0.016924030333757386,0.007584002209491617,1,0.03914361447095871,0.03621918894350529,0.03758794609457254,0.038153739385306834,nan,nan,nan,nan,1507,0.08050764650106432,0.0402599709695744,211.3479628665806,fast_ellipse,0,nan,nan,nan,nan
0,0.06,6,0.9960185799601858,33.33649881128793,0.5033112582781457,fast_ellipse:2,12.500286102294922,7.310282689857267,0.07679363340139389,0.000837992993183434,0.043507543951272966,0.044492575228214266,0,nan,nan,nan,nan,2,full,6,nan,nan,nan,nan,0.25,0.019205498974770308,0.016678705986123532,0.017928487452445553,11.254966887417218,11.254966887417218,0.6456953642384106,0.0,0.003981420039814201,nan,0.0019907100199071004,0.023540011525629404,0,EffortScale0.25,0.0834471275849701,0.0,virtual_asap,raw_ik,0.05322567001793425,4.0,2.0,4.0,0,requested,302,0.04999995231628418,0.014041077345609665,0.006262932988021369,0,0.0,nan,0.9562043795620438,0.22045063972473145,0.09246432185173034,0.03738108530203748,2,requested,finite,0.03672103251673675,0.0,0.22045063972473145,0.09246432185173034,0.03738108530203748,2,0.04071325063705444,0.03701608441770077,0.03856749888509512,0.039121449515223505,nan,nan,nan,nan,1507,0.13323371261358263,0.0586428764123098,214.31402611460254,fast_ellipse,0,nan,nan,nan,nan
0,0.06,6,0.9960185799601858,22.353738750969008,0.5264900662251656,fast_ellipse:2,12.500286102294922,6.807828779908776,0.07770779728889465,0.0008334880112670362,0.04319264478981495,0.04477388478815556,0,nan,nan,nan,nan,2,full,6,nan,nan,nan,nan,0.5,0.01883682602783665,0.016506629501236603,0.017768466103007086,11.19205298013245,11.19205298013245,0.5165562913907285,0.0,0.003981420039814201,nan,0.0,0.013899977633067977,0,EffortScale0.5,0.043828908718554695,0.0,virtual_asap,raw_ik,0.030639960987838537,4.0,2.0,4.0,0,requested,302,0.04499995708465576,0.014596560969948769,0.006111235236605994,0,0.0,nan,0.9230258792302588,0.11169006675481796,0.04821087084710595,0.020548538696405487,2,requested,finite,0.021479128262658687,0.0,0.11169006675481796,0.04821087084710595,0.020548538696405487,2,0.04055437073111534,0.0367240346968174,0.03833829965442419,0.039492872208356865,nan,nan,nan,nan,1507,0.07191787511110308,0.03417950230435771,212.2854058659553,fast_ellipse,0,nan,nan,nan,nan
0,0.06,6,0.9960185799601858,21.564811781529936,0.5033112582781457,fast_ellipse:2,12.500286102294922,6.875676874056761,0.08093275129795074,0.0008457669755443931,0.043007514998316766,0.04416549988090992,0,nan,nan,nan,nan,2,full,6,nan,nan,nan,nan,1.0,0.01922051701694727,0.01656231499509886,0.017760851749335414,11.172185430463577,11.172185430463577,0.4602649006622517,0.0,0.003981420039814201,nan,0.003981420039814201,0.014585496720209947,0,EffortScale1,0.046284558564426044,0.0,virtual_asap,raw_ik,0.032204034527535515,4.0,2.0,4.0,0,requested,302,0.059999942779541016,0.013593398034572601,0.005981442558393241,0,0.0,nan,0.8958195089581951,0.12215595692396164,0.04622328802943207,0.02011133919824879,2,requested,finite,0.02078596429785165,0.0,0.12215595692396164,0.04622328802943207,0.02011133919824879,2,0.03973456472158432,0.03661533258855343,0.03850174248218536,0.039306853450834754,nan,nan,nan,nan,1507,0.07295161187648777,0.035942728670470256,212.2530548773334,fast_ellipse,0,nan,nan,nan,nan
0,0.06,6,0.9960185799601858,14.873113992910469,0.543046357615894,fast_ellipse:2,12.500286102294922,6.624866790227438,0.08037328720092773,0.000842512003146112,0.042798501625657084,0.043804215863347054,0,nan,nan,nan,nan,2,full,6,nan,nan,nan,nan,2.0,0.019291466975118965,0.01645828949403949,0.01762000375892967,11.099337748344372,11.099337748344372,0.39072847682119205,0.0,0.003981420039814201,nan,0.0,0.013427596507249008,0,EffortScale2,0.03782049697412437,0.0,virtual_asap,raw_ik,0.029000718817131912,4.0,2.0,4.0,0,requested,302,0.044999945908784866,0.01241382211446762,0.005435427681031633,0,0.0,nan,0.8652952886529529,0.10719338804483414,0.03345285952091211,0.014130672540074754,2,requested,finite,0.015032857646494237,0.0,0.10719338804483414,0.03345285952091211,0.014130672540074754,2,0.04431483894586563,0.03651402331888676,0.03824267648160458,0.039574965685606006,nan,nan,nan,nan,1507,0.06598106697201729,0.0334715183817153,211.7638637762292,fast_ellipse,0,nan,nan,nan,nan
0,0.06,6,0.9960185799601858,11.584148359920812,0.543046357615894,fast_ellipse:2,12.500286102294922,6.5153869164414004,0.0784972608089447,0.00084524299018085,0.0434228640049696,0.0448062064498663,0,nan,nan,nan,nan,2,full,6,nan,nan,nan,nan,4.0,0.03386125899851322,0.01661727949976921,0.01784203748975415,11.082781456953642,11.082781456953642,0.37748344370860926,0.0,0.003981420039814201,nan,0.0,0.014534988091558551,0,EffortScale4,0.04024047770910085,0.0,virtual_asap,raw_ik,0.031934329996540896,4.0,2.0,4.0,0,requested,302,0.044778645038604736,0.01081857830286026,0.00477583515231035,0,0.0,nan,0.7451891174518912,0.06991387158632278,0.02196292802691459,0.009588212502160878,2,requested,finite,0.01035613164751395,0.0,0.06991387158632278,0.02196292802691459,0.009588212502160878,2,0.05418194457888603,0.03693203255534172,0.03860717546194792,0.03924819555133581,nan,nan,nan,nan,1507,0.0718665473163128,0.037065147968097366,211.23494008382013,fast_ellipse,0,nan,nan,nan,nan
0,0.06,6,0.9960185799601858,9.908867977688198,0.6821192052980133,fast_ellipse:2,12.500286102294922,5.655370342808982,0.07939019799232483,0.0008481600088998675,0.043670089170336726,0.04497612453997135,0,nan,nan,nan,nan,2,full,6,nan,nan,nan,nan,8.0,0.019036180980037898,0.016774046496720985,0.017827857300289907,11.043046357615895,11.043046357615895,0.3443708609271523,0.0,0.003981420039814201,nan,0.0,0.01610101793398158,0,EffortScale8,0.0433849521734476,0.0,virtual_asap,raw_ik,0.03331100045329313,4.0,2.0,4.0,0,requested,302,0.034999966621398926,0.010448502376675606,0.004371667568083404,0,0.0,nan,0.5713337757133378,0.06213374435901642,0.01864869631826872,0.008004035054265515,2,requested,finite,0.007967135230548523,0.0,0.06213374435901642,0.01864869631826872,0.008004035054265515,2,0.04504305496811867,0.03723817877471447,0.038715615123510363,0.03919856585562229,nan,nan,nan,nan,1507,0.07535100504755975,0.04023482322132259,211.21354223836465,fast_ellipse,0,nan,nan,nan,nan
