active_packet_gap_max_s_mean,active_packet_gap_max_s_std,actuator_torque_rms_nm_mean,actuator_torque_rms_nm_std,baseline_selection_rate_mean,baseline_selection_rate_std,command_acceleration_max_abs_rad_s2_mean,command_acceleration_max_abs_rad_s2_std,command_acceleration_rms_rad_s2_mean,command_acceleration_rms_rad_s2_std,control_compute_max_s_mean,control_compute_max_s_std,control_compute_p50_s_mean,control_compute_p50_s_std,control_compute_p95_s_mean,control_compute_p95_s_std,control_deadline_miss_count_mean,control_deadline_miss_count_std,control_period_max_s_mean,control_period_max_s_std,control_period_p50_s_mean,control_period_p50_s_std,control_period_p95_s_mean,control_period_p95_s_std,control_period_p99_s_mean,control_period_p99_s_std,delay_protocol,delay_steps,e2e_max_s_mean,e2e_max_s_std,e2e_p95_s_mean,e2e_p95_s_std,e2e_p99_s_mean,e2e_p99_s_std,exact_final_pool_time_max_s_mean,exact_final_pool_time_max_s_std,exact_final_pool_time_p95_s_mean,exact_final_pool_time_p95_s_std,exact_pool_candidate_count_mean_mean,exact_pool_candidate_count_mean_std,exact_pool_valid_count_mean_mean,exact_pool_valid_count_mean_std,exact_selection_changed_rate_mean,exact_selection_changed_rate_std,failure_rate_mean,failure_rate_std,fallback_duty_cycle_mean,fallback_duty_cycle_std,feedback_saturation_rate_mean,feedback_saturation_rate_std,joint_rmse_rad_mean,joint_rmse_rad_std,lap_tcp_rmse_m_mean,lap_tcp_rmse_m_std,late_packet_rate_mean,late_packet_rate_std,n_cases,orientation_rmse_rad_mean,orientation_rmse_rad_std,packet_age_max_steps_mean,packet_age_max_steps_std,packet_age_p50_steps_mean,packet_age_p50_steps_std,packet_age_p95_steps_mean,packet_age_p95_steps_std,packet_expiration_count_mean,packet_expiration_count_std,planner_execution_qref_error_max_rad_mean,planner_execution_qref_error_max_rad_std,planner_execution_qref_error_p95_rad_mean,planner_execution_qref_error_p95_rad_std,planner_execution_qref_error_rms_rad_mean,planner_execution_qref_error_rms_rad_std,planner_failure_count_mean,planner_failure_count_std,planner_failure_step_rate_mean,planner_failure_step_rate_std,planner_hz_mean,planner_hz_std,projection_activation_rate_mean,projection_activation_rate_std,projection_discrepancy_max_rad_mean,projection_discrepancy_max_rad_std,projection_discrepancy_p95_rad_mean,projection_discrepancy_p95_rad_std,projection_discrepancy_rms_rad_mean,projection_discrepancy_rms_rad_std,residual_saturation_rate_mean,residual_saturation_rate_std,safety_projection_offset_max_rad_mean,safety_projection_offset_max_rad_std,safety_projection_offset_p95_rad_mean,safety_projection_offset_p95_rad_std,safety_projection_offset_rms_rad_mean,safety_projection_offset_rms_rad_std,solve_max_s_mean,solve_max_s_std,solve_p95_s_mean,solve_p95_s_std,solve_p99_s_mean,solve_p99_s_std,start_jitter_max_s_mean,start_jitter_max_s_std,start_jitter_p50_s_mean,start_jitter_p50_s_std,start_jitter_p95_s_mean,start_jitter_p95_s_std,start_jitter_p99_s_mean,start_jitter_p99_s_std,tcp_p95_m_mean,tcp_p95_m_std,tcp_rmse_m_mean,tcp_rmse_m_std,trajectory,wakeup_lateness_max_s_mean,wakeup_lateness_max_s_std,wakeup_lateness_p50_s_mean,wakeup_lateness_p50_s_std,wakeup_lateness_p95_s_mean,wakeup_lateness_p95_s_std,wakeup_lateness_p99_s_mean,wakeup_lateness_p99_s_std
0.02,0.0,17.216613543255097,2.645392116759442,0.5257826887661142,0.011500917124122295,12.500286102294922,0.0,6.44352157535045,0.020768746550938414,0.11087096234162648,0.05102541707042408,0.0008314386553441485,6.847403533588332e-06,0.04177080144484838,0.00010052691565457477,0.0,0.0,nan,nan,nan,nan,nan,nan,nan,nan,anchor_only,2,nan,nan,nan,nan,nan,nan,0.061710498999066964,0.07129118385241155,0.016675647569354624,0.00010075927590283109,11.089318600368324,0.016186368168735678,11.089318600368324,0.016186368168735678,0.44567219152854515,0.005750458562061156,0.0,0.0,0.0011068068622025456,0.0,0.0,0.0,0.010734197421687464,0.00031549212613601863,0.024169756241389038,0.000322123850894354,0.0,0.0,3,0.02267674798573971,0.0006534333431785104,4.0,0.0,2.0,0.0,4.0,0.0,0.0,0.0,2.2351741790771484e-08,9.85619169125181e-09,0.0,0.0,4.480655276031788e-10,1.2806908447826933e-10,0.0,0.0,0.0,0.0,nan,nan,0.0,0.0,2.2351741790771484e-08,9.85619169125181e-09,0.0,0.0,4.478174979536148e-10,1.2799819098571913e-10,0.0,0.0,2.2351741790771484e-08,9.85619169125181e-09,0.0,0.0,4.478174979536148e-10,1.2799819098571913e-10,0.08281950031717618,0.07101557953886421,0.03756117634475231,0.00025277692116617775,0.0384902590761582,0.00014680328812582025,nan,nan,nan,nan,nan,nan,nan,nan,0.050663949300845446,0.0007589559708060216,0.026146023294942988,0.0006524386938593295,circle,nan,nan,nan,nan,nan,nan,nan,nan
0.04,0.0,19.33810917408445,0.7040027899053827,0.5101289134438306,0.030802446931266554,12.500286102294922,0.0,6.57493931081362,0.16171334804507956,0.10800640533367793,0.054161547366044255,0.0008271103530811766,5.362269151948501e-06,0.04262209037939707,0.0002898307608554658,0.0,0.0,nan,nan,nan,nan,nan,nan,nan,nan,anchor_only,4,nan,nan,nan,nan,nan,nan,0.06170472633190608,0.07129321138069365,0.016758518320420992,0.00016273976490748069,11.103130755064457,0.013626748238442888,11.103130755064457,0.013626748238442888,0.47974217311233885,0.010458394743646918,0.0,0.0,0.002213613724405091,0.0,0.0,0.0,0.010782704881877972,0.0005753887325597743,0.024744975075503616,6.0116501822531166e-05,0.0,0.0,3,0.023027947304297136,0.001769655686871845,4.0,0.0,2.0,0.0,4.0,0.0,0.0,0.0,1.1175870895385742e-08,3.226196034939731e-09,0.0,0.0,3.7278770326664124e-10,6.663213474596987e-11,0.0,0.0,0.0,0.0,nan,nan,0.0,0.0,1.1175870895385742e-08,3.226196034939731e-09,0.0,0.0,3.723748706889837e-10,6.655834498385877e-11,0.0,0.0,1.1175870895385742e-08,3.226196034939731e-09,0.0,0.0,3.723748706889837e-10,6.655834498385877e-11,0.08263345931967099,0.07118405309141841,0.03779806376745304,0.00025452420516384637,0.038491634850700694,0.0003881875589684559,nan,nan,nan,nan,nan,nan,nan,nan,0.04985465717812378,0.0031899945573189647,0.026060377236530166,0.0018993084300613018,circle,nan,nan,nan,nan,nan,nan,nan,nan
0.06,0.0,41.30693969469656,12.077378209975548,0.4042357274401473,0.06283138898427987,12.500286102294922,0.0,7.974239461527497,0.13079196666046927,0.07795289903879166,0.0007564254966464691,0.0008219180162996054,5.245696276821873e-06,0.043371605997284256,0.00040978423051727135,0.0,0.0,nan,nan,nan,nan,nan,nan,nan,nan,anchor_only,6,nan,nan,nan,nan,nan,nan,0.018342221330385655,0.0006443720467095275,0.016822307251519914,0.000164120573633689,11.935543278084715,0.0536604135702889,11.901473296500923,0.04155905744529174,0.8910275976685277,0.036196807613362234,0.6666666666666666,0.5773502691896258,0.003320420586607637,0.0,0.0,0.0,1.033903086908864,0.28500615606092283,1.103944300986541,0.5544808634174292,0.0,0.0,3,1.689942402994706,0.18902304123522645,7.333333333333333,2.8867513459481287,2.0,0.0,4.0,0.0,0.0,0.0,0.1416492462158203,0.03606732309652942,0.060831705729166664,0.001435700251495313,0.027955629682856323,0.0009009763586797064,0.0,0.0,0.0005534034311012728,0.0005534034311012728,nan,nan,0.9385722191477587,0.01994556866733827,0.1416492462158203,0.03606732309652942,0.06083168188730875,0.0014357208995953506,0.027909178867578894,0.0008994793047094985,0.1769046301420402,0.04142154751020774,0.1416492462158203,0.03606732309652942,0.06083168188730875,0.0014357208995953506,0.027909178867578894,0.0008994793047094985,0.039806233098109566,0.001040988198272466,0.0379669631520907,0.0001848182278444681,0.038870338139434656,0.0002969379703673365,nan,nan,nan,nan,nan,nan,nan,nan,1.6316476623217262,0.41692281638319345,1.0224808589267287,0.4146591915274955,circle,nan,nan,nan,nan,nan,nan,nan,nan
0.08,0.0,51.28214288649915,3.64857703585768,0.37476979742173117,0.015214283279795855,12.500286102294922,0.0,7.992827090782181,0.12470490272564319,0.07810900857051213,0.001336850159971749,0.0008257603039965034,7.457419533153129e-06,0.044078335290153814,0.000342037528896573,0.0,0.0,nan,nan,nan,nan,nan,nan,nan,nan,anchor_only,8,nan,nan,nan,nan,nan,nan,0.01780360467576732,0.00017568799202345267,0.016847907466581092,0.00011436476725381107,11.94659300184162,0.0836215420486749,11.913443830570904,0.0836215420486741,0.9030470914127423,0.014393774024118086,1.0,0.0,0.004427227448810182,0.0,0.0,0.0,0.9542132240437221,0.4740789490507983,1.3269760140951778,0.37355886059178367,0.0,0.0,3,1.5541057939070753,0.3459704578598917,9.0,0.0,2.0,0.0,4.0,0.0,0.0,0.0,0.14081796010335287,0.01875357643947473,0.05833407243092855,0.007218075928838491,0.026060049014611994,0.005283250623564306,0.0,0.0,0.0005534034311012728,0.0,nan,nan,0.9009407858328721,0.042392292201893875,0.14081796010335287,0.01875357643947473,0.05833407243092855,0.007218075928838491,0.026002298142489926,0.005271542574551073,0.16768123962368567,0.039687168000546766,0.14081796010335287,0.01875357643947473,0.05833407243092855,0.007218075928838491,0.026002298142489926,0.005271542574551073,0.04025323813160261,0.0019967815126499143,0.037953632262845836,0.00038193910164442815,0.038719864487648005,0.0003501410224656619,nan,nan,nan,nan,nan,nan,nan,nan,1.986965787410736,0.28780160645130143,1.083055372027008,0.36804534934805316,circle,nan,nan,nan,nan,nan,nan,nan,nan
0.02,0.0,22.333512012932477,5.531293515839062,0.5375275938189845,0.03076679881846876,12.500286102294922,0.0,6.543546403422393,0.17050345739083644,0.0775521993637085,0.0015768534463243649,0.0008237326595311364,3.2298639879743434e-06,0.04101414817074935,0.00019518144805957867,0.0,0.0,nan,nan,nan,nan,nan,nan,nan,nan,anchor_only,2,nan,nan,nan,nan,nan,nan,0.017958957997810405,0.00032435060241212815,0.01657468479364373,7.556999166039408e-05,11.15121412803532,0.02757173509226687,11.15121412803532,0.02757173509226687,0.48565121412803536,0.04046424454707145,0.0,0.0,0.0013271400132714,2.655742100606481e-19,0.0,0.0,0.014509829019688066,0.0032348363816546554,0.043353721567471616,0.017756914411745796,0.0,0.0,3,0.03154562730272345,0.007948382926376731,4.0,0.0,2.0,0.0,4.0,0.0,0.0,0.0,1.6763806343078613e-08,3.226196034939731e-09,0.0,0.0,4.4460419723163705e-10,8.18162445152326e-11,0.0,0.0,0.0,0.0,nan,nan,0.0,0.0,1.6763806343078613e-08,3.226196034939731e-09,0.0,0.0,4.4430907327131645e-10,8.176193568447874e-11,0.0,0.0,1.6763806343078613e-08,3.226196034939731e-09,0.0,0.0,4.4430907327131645e-10,8.176193568447874e-11,0.038922986636559166,0.0006691501839971149,0.03743650720765193,0.0002127292582133758,0.03803965454300245,0.00031169442615964127,nan,nan,nan,nan,nan,nan,nan,nan,0.07961183773974578,0.029892647940487373,0.03563953384721102,0.009065096589990279,fast_ellipse,nan,nan,nan,nan,nan,nan,nan,nan
0.04,0.0,23.548571125394123,7.728300848828433,0.49889624724061804,0.059264431605557596,12.500286102294922,0.0,6.797804658306329,0.47747062620503733,0.07789758096138637,0.0007668857297654938,0.0008288453294274708,8.885146908614756e-06,0.042334199945131934,0.0003053742685275649,0.0,0.0,nan,nan,nan,nan,nan,nan,nan,nan,anchor_only,4,nan,nan,nan,nan,nan,nan,0.017524065333418548,0.00018869769426552792,0.016736932434772218,3.4942009691481204e-05,11.164459161147903,0.013382291007706982,11.164459161147903,0.013382291007706982,0.5309050772626932,0.10293345193849236,0.0,0.0,0.0026542800265428,5.311484201212962e-19,0.0,0.0,0.014270487161121925,0.0024097040873846246,0.03846016799146384,0.003365486747540682,0.0,0.0,3,0.02954069600653707,0.004910998163887636,4.0,0.0,2.0,0.0,4.0,0.0,0.0,0.0,2.483526865641276e-08,2.1507973566264877e-09,0.0,0.0,5.346634547813972e-10,6.682910777799104e-11,0.0,0.0,0.0,0.0,nan,nan,0.0,0.0,2.483526865641276e-08,2.1507973566264877e-09,0.0,0.0,5.339534100394626e-10,6.674035726369724e-11,0.0,0.0,2.483526865641276e-08,2.1507973566264877e-09,0.0,0.0,5.339534100394626e-10,6.674035726369724e-11,0.0393424928188324,0.0008720372057707423,0.037902707296113176,0.00044540177023778105,0.03870417968680461,0.0007101630675790297,nan,nan,nan,nan,nan,nan,nan,nan,0.06435262486338615,0.005625555906387081,0.03319538148456238,0.004025192379204126,fast_ellipse,nan,nan,nan,nan,nan,nan,nan,nan
0.06,0.0,53.243928104899936,6.228691095105863,0.4205298013245033,0.0980602178474228,12.500286102294922,0.0,7.985307205967902,0.20361184156314924,0.07902509719133377,0.0014127181909952473,0.0008225550215380887,5.956556240150216e-06,0.042949626718958224,0.00012720933693051312,0.0,0.0,nan,nan,nan,nan,nan,nan,nan,nan,anchor_only,6,nan,nan,nan,nan,nan,nan,0.017494181665824726,0.00011944259139831476,0.01675413803580644,0.0001454747501921033,11.852097130242825,0.2705185203848421,11.83774834437086,0.2588506136581858,0.8630246492559753,0.03792902565179839,0.3333333333333333,0.5773502691896258,0.003981420039814201,0.0,0.0,0.0,0.7843524492308865,0.6218468537546702,0.5709471630310009,0.5975325771197997,0.0,0.0,3,1.2166715220980406,0.7976505080370135,5.666666666666667,2.8867513459481287,2.0,0.0,4.0,0.0,0.0,0.0,0.12083699305852254,0.03608444345245993,0.06416801611582439,0.005202537717856364,0.027675662834751424,0.0042028149922546405,0.0,0.0,0.00022119000221190003,0.00038311232195728317,nan,nan,0.933421809334218,0.012060434311183924,0.12083699305852254,0.03608444345245993,0.06416752835114797,0.005202771855879994,0.027620513667691925,0.0041944400619950825,0.13404114134041142,0.07635093129700773,0.12083699305852254,0.03608444345245993,0.06416752835114797,0.005202771855879994,0.027620513667691925,0.0041944400619950825,0.03914577513933182,0.00065430308339825,0.03768350090831518,0.00024141034622142076,0.03833888981491327,0.0005000445777847099,nan,nan,nan,nan,nan,nan,nan,nan,1.1608835483590763,1.1323676240727591,0.6403477177844691,0.6144040291611238,fast_ellipse,nan,nan,nan,nan,nan,nan,nan,nan
0.08,0.0,44.8005508481853,7.235993016652784,0.4503311258278146,0.08137884587711597,12.500286102294922,0.0,7.888167177040253,0.08411981882512558,0.07705134650071462,0.0008222574000863784,0.0008220743426742653,1.690281466510245e-06,0.04329289086163044,0.00023569486659648806,0.0,0.0,nan,nan,nan,nan,nan,nan,nan,nan,anchor_only,8,nan,nan,nan,nan,nan,nan,0.017790125663547467,0.00015145113700556172,0.016716283618006856,0.0001576482014879219,12.007726269315674,0.06948384430700696,11.966887417218544,0.07078661697494021,0.9114064230343301,0.0019181072066100648,1.0,0.0,0.0053085600530856,1.0622968402425924e-18,0.0,0.0,1.1985578882574663,0.5153125691764209,0.8015808129238936,0.4702920725728083,0.0,0.0,3,1.5820518364963583,0.14192329160977638,9.0,0.0,2.0,0.0,4.0,0.0,0.0,0.0,0.1516479750474294,0.01874901674907868,0.06285989185174333,0.003061809457354508,0.027577640117858737,0.0020565658598742575,0.0,0.0,0.0006635700066357,1.3278710503032405e-19,nan,nan,0.9228046892280469,0.02523602479216643,0.1516479750474294,0.01874901674907868,0.06221721209585603,0.0020943721577625076,0.027504343934776913,0.002051099894434833,0.1780579517805795,0.048984472413183856,0.1516479750474294,0.01874901674907868,0.06221721209585603,0.0020943721577625076,0.027504343934776913,0.002051099894434833,0.04155802105863889,0.003042202474796975,0.03764553051441908,0.0001070197080217009,0.038427575019498665,0.00016699504296834342,nan,nan,nan,nan,nan,nan,nan,nan,1.4529126723607382,0.2704427104538202,0.7992894501514595,0.22437715736524774,fast_ellipse,nan,nan,nan,nan,nan,nan,nan,nan
0.02,0.0,19.979190838994615,5.528821086956468,0.501841620626151,0.05272794954777314,12.500286102294922,0.0,6.726041301795576,0.30264331635350283,0.07631478955348332,0.0013937940615804778,0.0008479760144837201,3.2414384391398517e-06,0.04183613906304041,0.000201937940677116,0.0,0.0,nan,nan,nan,nan,nan,nan,nan,nan,full,2,nan,nan,nan,nan,nan,nan,0.02062976899226972,0.002762614960079322,0.016605324915144593,8.855741708679644e-05,11.084714548802944,0.017973500272507412,11.084714548802944,0.017973500272507412,0.5009208103130754,0.05272794954777312,0.0,0.0,0.0011068068622025456,0.0,0.0,0.0,0.012053231522744857,0.0018338856256400755,0.0250644440310499,0.001362728630357389,0.0,0.0,3,0.025264703177544496,0.0038208536312643866,4.0,0.0,2.0,0.0,4.0,0.0,0.0,0.0,0.0028520425160725913,8.676746088321833e-05,0.00026015015318989703,2.3600667675039826e-05,0.00016351542212247934,1.7378073475882586e-05,0.0,0.0,0.0,0.0,nan,nan,0.8730861464674414,0.028023933019641154,0.12839422623316446,0.04059601221749245,0.05030358725537848,0.019260919725098698,0.02066208751926168,0.0064149015640133445,0.0,0.0,0.12839422623316446,0.04059601221749245,0.05030358725537848,0.019260919725098698,0.02066208751926168,0.0064149015640133445,0.04408524309595426,0.005834587770185008,0.03752730675041676,0.0002601327122065308,0.03854629420985777,0.0010652021597821258,nan,nan,nan,nan,nan,nan,nan,nan,0.055357415849963815,0.008655033915416919,0.028134558695086423,0.003377238034500957,circle,nan,nan,nan,nan,nan,nan,nan,nan
0.04,0.0,19.405483853842547,2.6661691494470077,0.5303867403314917,0.01538056453820452,12.500286102294922,0.0,6.503695159548152,0.09466085289067913,0.10730793575445811,0.0506410242008483,0.0008459226810373366,5.533136901265816e-06,0.04248701793452103,0.0003467100316820892,0.0,0.0,nan,nan,nan,nan,nan,nan,nan,nan,full,4,nan,nan,nan,nan,nan,nan,0.05812858333229087,0.06904615377977508,0.016729566727250737,0.00010606011821079689,11.075506445672191,0.009701338630619392,11.075506445672191,0.009701338630619392,0.4650092081031308,0.015707847246069953,0.0,0.0,0.002213613724405091,0.0,0.0,0.0,0.011563879171599697,0.0009673614157080863,0.02651120469780202,0.0016225999516249164,0.0,0.0,3,0.024635348602781566,0.002561021212979112,4.0,0.0,2.0,0.0,4.0,0.0,0.0,0.0,0.005052448250353336,0.0004762196550712954,0.0004636960724989569,4.029887077170477e-05,0.000278776959489279,8.707237425803064e-06,0.0,0.0,0.0,0.0,nan,nan,0.904630142040214,0.017607739973219218,0.10709949334462483,0.009920178553958468,0.045769251758853526,0.011179229686731766,0.01844075315964053,0.003977659815346748,0.0,0.0,0.10709949334462483,0.009920178553958468,0.045769251758853526,0.011179229686731766,0.01844075315964053,0.003977659815346748,0.07920932024717331,0.06819856025180414,0.03770167691012224,0.0003480654444710221,0.038200191495319204,0.0003917459691476424,nan,nan,nan,nan,nan,nan,nan,nan,0.05398163882394629,0.004895679481966585,0.027903907607896156,0.0025747306346133128,circle,nan,nan,nan,nan,nan,nan,nan,nan
0.06,0.0,22.29450074056071,9.587562081100453,0.4871086556169429,0.02953778072255146,12.500286102294922,0.0,6.870882028454933,0.27897329607825466,0.07854678481817245,0.0034273866389389978,0.0008466553408652544,3.6080871912556397e-06,0.04173656987647215,0.00015182533771912468,0.0,0.0,nan,nan,nan,nan,nan,nan,nan,nan,full,6,nan,nan,nan,nan,nan,nan,0.016699081999831833,0.0005992110684475768,0.015962289817495427,0.0001067623697455816,11.083793738489872,0.005750458562061543,11.083793738489872,0.005750458562061543,0.4696132596685083,0.040693148791868035,0.0,0.0,0.003320420586607637,0.0,0.002213613724405091,0.0029283357067676707,0.012976723286158705,0.0020438208462693844,0.030015505795333325,0.004000538265266558,0.0,0.0,3,0.028398455376545857,0.003987867345820712,4.0,0.0,2.0,0.0,4.0,0.0,0.0,0.0,0.052438884973526,0.0061019220266982045,0.01400001316020886,0.0009999796748926056,0.006084422476155766,0.0004043543238844539,0.0,0.0,0.0,0.0,nan,nan,0.9073971591957203,0.048700550038192375,0.12170965472857158,0.03969415893813167,0.0503752131015062,0.018513878901452906,0.020783085982288837,0.007216036033531249,0.0,0.0,0.12170965472857158,0.03969415893813167,0.0503752131015062,0.018513878901452906,0.020783085982288837,0.007216036033531249,0.03739691277345022,0.0007597472586151271,0.03627049941569566,0.0003332927693260997,0.036727816325922806,0.0005815486751566217,nan,nan,nan,nan,nan,nan,nan,nan,0.06199371318022409,0.0067516945168134435,0.030988885713174968,0.004567169834711942,circle,nan,nan,nan,nan,nan,nan,nan,nan
0.08,0.0,17.723788169007346,1.240094716136752,0.5322283609576427,0.008879973076420734,12.500286102294922,0.0,6.752607299163458,0.0941750698490542,0.08023773382107417,0.0026407897399302557,0.00083995833604907,6.3173945226019746e-06,0.043644705042243,0.00013874289550444061,0.0,0.0,nan,nan,nan,nan,nan,nan,nan,nan,full,8,nan,nan,nan,nan,nan,nan,0.02037373999579965,0.004859333583578354,0.01653882478567539,0.00021949029434434496,11.075506445672191,0.011164231724660927,11.075506445672191,0.011164231724660927,0.47697974217311234,0.010458394743646886,0.0,0.0,0.004427227448810182,0.0,0.0011068068622025456,0.0,0.011566103542759365,0.0006065297157340298,0.02649486218688915,0.0016176910975688851,0.0,0.0,3,0.02488440420821927,0.0007865459098735302,4.0,0.0,2.0,0.0,4.0,0.0,0.0,0.0,0.049194931983947754,0.0024950209403482378,0.013615132371584576,0.000980788410839155,0.005718896299813529,0.0003000851818815624,0.0,0.0,0.0,0.0,nan,nan,0.9227079874561889,0.023971590182791998,0.10961093505223592,0.022896694002182583,0.03992611356079575,0.0015404997789108354,0.016783214315510223,0.0003026248833081766,0.0,0.0,0.10961093505223592,0.022896694002182583,0.03992611356079575,0.0015404997789108354,0.016783214315510223,0.0003026248833081766,0.04172385359803835,0.005268131471914055,0.03758970703929663,0.0003924406505857676,0.03837832916527987,0.0004416528404468614,nan,nan,nan,nan,nan,nan,nan,nan,0.05572222781678036,0.0038083915446697975,0.02790893922976022,0.0007696237245818898,circle,nan,nan,nan,nan,nan,nan,nan,nan
0.02,0.0,26.637465585715535,12.891843345662569,0.5066225165562913,0.03261211192647714,12.500286102294922,0.0,6.793643557044223,0.3641927334642157,0.07644265393416087,0.0012694739281384278,0.0008435746810088555,1.444843017358888e-06,0.04103052864472071,4.879062672268629e-05,0.0,0.0,nan,nan,nan,nan,nan,nan,nan,nan,full,2,nan,nan,nan,nan,nan,nan,0.018080082329106517,0.0004913904722489991,0.016538258034415776,0.00013762747445858294,11.14459161147903,0.02507244302781569,11.14459161147903,0.02507244302781569,0.554083885209713,0.07654189160082031,0.0,0.0,0.0013271400132714,2.655742100606481e-19,0.0,0.0,0.015178258952453115,0.004706473640465441,0.042302599058775515,0.015181795460318944,0.0,0.0,3,0.03233864801121283,0.011833962888807384,4.0,0.0,2.0,0.0,4.0,0.0,0.0,0.0,0.0035039459665616355,0.0005181092134644676,0.0002584489683310185,3.100631372876002e-05,0.00017634598812134753,1.3698779701833053e-05,0.0,0.0,0.0,0.0,nan,nan,0.9354125193541253,0.021577081881454924,0.134058286746343,0.03798596510111526,0.061049551020065894,0.027857074156826266,0.024456414823991662,0.011065740729614335,0.0,0.0,0.134058286746343,0.03798596510111526,0.061049551020065894,0.027857074156826266,0.024456414823991662,0.011065740729614335,0.0394153967499733,0.0013546527830250487,0.037484781630337236,7.454071259240757e-05,0.03819067956258853,0.00023229200678264586,nan,nan,nan,nan,nan,nan,nan,nan,0.07133883585532506,0.024758900455964516,0.03602267119451596,0.012271628283265426,fast_ellipse,nan,nan,nan,nan,nan,nan,nan,nan
0.04,0.0,21.34720923445234,2.6102708317700536,0.5309050772626932,0.03349666866554861,12.500286102294922,0.0,6.591242316363545,0.12288985440381973,0.07707895338535309,0.0014757882981538567,0.0008422690055643519,6.288956609924582e-06,0.04204622295995553,0.000209618765878984,0.0,0.0,nan,nan,nan,nan,nan,nan,nan,nan,full,4,nan,nan,nan,nan,nan,nan,0.019847315663355403,0.0037218105949625834,0.016688026166957567,0.0001631538091339674,11.157836644591612,0.006892933773067465,11.157836644591612,0.006892933773067465,0.5011037527593819,0.028161922344752954,0.0,0.0,0.0026542800265428,5.311484201212962e-19,0.0,0.0,0.013664363402792127,0.000925957354436328,0.04084257230751188,0.0030317389317544518,0.0,0.0,3,0.028912419077932263,0.0018499705061437734,4.0,0.0,2.0,0.0,4.0,0.0,0.0,0.0,0.0040910740693410235,0.00069728927236911,0.0004891547452037529,1.6867557577935435e-05,0.0002848871834962915,2.0765533209073993e-05,0.0,0.0,0.0,0.0,nan,nan,0.9004644990046451,0.022375202787110002,0.1109624703725179,0.017142920894618194,0.047276268837352524,0.007410246935300904,0.01983353089813894,0.002263848581318018,0.0,0.0,0.1109624703725179,0.017142920894618194,0.047276268837352524,0.007410246935300904,0.01983353089813894,0.002263848581318018,0.042124940703312554,0.005546379173765351,0.03746366078654925,0.00020209790279082345,0.03888137254863978,0.0008693883748805489,nan,nan,nan,nan,nan,nan,nan,nan,0.06887696186701457,0.00512104621608909,0.03320364325704997,0.0017515463421679822,fast_ellipse,nan,nan,nan,nan,nan,nan,nan,nan
0.06,0.0,19.123943935317,2.464846721682637,0.49448123620309054,0.012536221513907889,12.500286102294922,0.0,6.855439528011673,0.033807358569047895,0.07650238772233327,0.00048485245781479885,0.0008485943350630502,2.1976233997325956e-06,0.04139681706825892,0.00023100547538671602,0.0,0.0,nan,nan,nan,nan,nan,nan,nan,nan,full,6,nan,nan,nan,nan,nan,nan,0.016928397669592716,0.000238104700274807,0.016090168381803476,7.32151344954787e-05,11.153421633554084,0.019959317130270823,11.153421633554084,0.019959317130270823,0.4624724061810155,0.0038235117164875754,0.0,0.0,0.003981420039814201,0.0,0.0019907100199071004,0.0019907100199071004,0.013955127000121179,0.0005471673074376734,0.040969687495744,0.004660337684120993,0.0,0.0,3,0.03068880897259234,0.0013357826928154168,4.0,0.0,2.0,0.0,4.0,0.0,0.0,0.0,0.051532477140426636,0.007814730027114148,0.014285662521918615,0.0007037404559329603,0.006184236093255039,0.00025699884105907523,0.0,0.0,0.0,0.0,nan,nan,0.9037823490378235,0.020441833843064847,0.1258446748058001,0.021948231376567127,0.04117370670040439,0.006550399857729832,0.01788988941761717,0.002379512442607686,0.0,0.0,0.1258446748058001,0.021948231376567127,0.04117370670040439,0.006550399857729832,0.01788988941761717,0.002379512442607686,0.037269373734792076,6.196027160018959e-05,0.03636061549186707,0.00010754722691961116,0.036749607970317205,0.00016084533490652537,nan,nan,nan,nan,nan,nan,nan,nan,0.06747323187688987,0.0057600742041662165,0.03410805748761214,0.0016032931562020528,fast_ellipse,nan,nan,nan,nan,nan,nan,nan,nan
0.08,0.0,24.923689121749675,2.8538305827363497,0.4823399558498896,0.03398411549302573,12.500286102294922,0.0,7.177937161370809,0.12174896872055989,0.07842612266540527,0.0015483342922049251,0.0008512243318061034,4.692133370383275e-06,0.043713384990890815,0.0003113608883347059,0.0,0.0,nan,nan,nan,nan,nan,nan,nan,nan,full,8,nan,nan,nan,nan,nan,nan,0.020046850996247183,0.002163168895941998,0.016712786980497184,0.00016266411250696178,11.153421633554084,0.006892933773067179,11.153421633554084,0.006892933773067179,0.5673289183222958,0.01699205774651284,0.0,0.0,0.0053085600530856,1.0622968402425924e-18,0.0006635700066357002,0.0011493369658718497,0.01669466531575359,0.0017311664887841266,0.04636511387636514,0.007825750780393397,0.0,0.0,3,0.035628773771381496,0.0032072358974247245,4.0,0.0,2.0,0.0,4.0,0.0,0.0,0.0,0.046572877715031304,0.013912508695753303,0.015385280301173532,0.0020745333529787013,0.006495896774753478,0.0008471907710426096,0.0,0.0,0.0,0.0,nan,nan,0.9113028091130281,0.007309317249218439,0.1710877219835917,0.04955021246761927,0.06678536025186373,0.01408444441121651,0.026129974208832105,0.004063526819387669,0.00044238000442380006,0.0007662246439145663,0.1710877219835917,0.04955021246761927,0.06678536025186373,0.01408444441121651,0.026129974208832105,0.004063526819387669,0.0428575836122036,0.0018429713665492166,0.03808037334432205,0.0003679162178978263,0.03885427708427111,0.0005602416288433406,nan,nan,nan,nan,nan,nan,nan,nan,0.07511027529835701,0.011550004637294522,0.03848206782368836,0.0037773362979265815,fast_ellipse,nan,nan,nan,nan,nan,nan,nan,nan
0.02,0.0,5.580402883173569,0.08123344683889823,0.3029465930018416,0.007974451231900888,12.500286102294922,0.0,7.140285855963228,0.04845524153009079,0.7349995151162148,1.1405968046358854,0.0008313789924917122,3.094002271332983e-06,0.03952261867622534,0.00012793001883360956,0.0,0.0,nan,nan,nan,nan,nan,nan,nan,nan,naive_delayed,2,nan,nan,nan,nan,nan,nan,0.020591020002029836,0.0019898764983008453,0.016704272527082745,0.00015692586275684332,11.37937384898711,0.017973500272507412,11.37937384898711,0.017973500272507412,0.6298342541436465,0.026351911641352102,0.0,0.0,0.0011068068622025456,0.0,0.0,0.0,0.060734966161607264,0.001467228977474703,0.05382971138697746,0.0017764873540937415,0.0,0.0,3,0.12565990464213345,0.006264283841272604,4.0,0.0,2.0,0.0,4.0,0.0,0.0,0.0,0.019326110060016315,0.004576783930552306,0.006340328355630237,7.838453414081619e-05,0.002893836566656035,2.77539360789954e-05,0.0,0.0,0.0,0.0,nan,nan,0.8433868289983398,0.009976622234266696,0.019326110060016315,0.004576783930552306,0.006338839232921598,7.951250379394437e-05,0.002892234664199128,2.773857270329356e-05,0.04187419295332964,0.011924955808075252,0.019326110060016315,0.004576783930552306,0.006338839232921598,7.951250379394437e-05,0.002892234664199128,2.773857270329356e-05,0.04312677929798762,0.0049235459698179,0.038068441674113274,0.00020410983710107233,0.038850617830952006,0.0003355366902257451,nan,nan,nan,nan,nan,nan,nan,nan,0.10935894250869747,0.0024192703857276164,0.05495472458768991,0.0014054407380893806,circle,nan,nan,nan,nan,nan,nan,nan,nan
0.04,0.0,6.067967618856675,0.36262522236385103,0.3001841620626151,0.004219682960364483,12.500286102294922,0.0,7.637226175840794,0.06279271351898946,0.07626361896594365,0.0011329766815022235,0.000828520666497449,6.43967947688373e-06,0.039576180775960285,0.0004766331382856673,0.0,0.0,nan,nan,nan,nan,nan,nan,nan,nan,naive_delayed,4,nan,nan,nan,nan,nan,nan,0.021290603006491438,0.006213085273295625,0.01676716058354941,0.00011593328923696174,11.431860036832413,0.059397618500442596,11.431860036832413,0.059397618500442596,0.6187845303867403,0.024861878453038666,0.0,0.0,0.002213613724405091,0.0,0.0,0.0,0.06380132522951472,0.002636870257590315,0.054481259032318374,0.0012309582526399095,0.0,0.0,3,0.1350053553332218,0.004034426492561801,4.0,0.0,2.0,0.0,4.0,0.0,0.0,0.0,0.03119555115699768,0.0008877782161863923,0.015521894395351407,0.00048137106282749697,0.0066608783957894215,0.00010471719857402901,0.0,0.0,0.0,0.0,nan,nan,0.9245526655598598,0.015027051728032653,0.03119555115699768,0.0008877782161863923,0.015510038038094814,0.0004888550253455137,0.006653502005491402,0.00010460123264856103,0.044272274488101816,0.0019953244468533414,0.03119555115699768,0.0008877782161863923,0.015510038038094814,0.0004888550253455137,0.006653502005491402,0.00010460123264856103,0.045344579964876175,0.00916632780824402,0.037883526459336285,0.00045573849417404876,0.03866447869688272,0.000651851460215846,nan,nan,nan,nan,nan,nan,nan,nan,0.10474354674418764,0.005757797222135002,0.05443496783346904,0.0025609646665821083,circle,nan,nan,nan,nan,nan,nan,nan,nan
0.06,0.0,4.616672306437432,0.0888355037543036,0.26979742173112337,0.0042196829603645064,12.500286102294922,0.0,7.867707160381162,0.018852968701320093,0.07375214248895645,0.0006722273235164249,0.0008139636483974755,3.649058340492626e-06,0.03791886121034622,9.578342461190013e-05,0.0,0.0,nan,nan,nan,nan,nan,nan,nan,nan,naive_delayed,6,nan,nan,nan,nan,nan,nan,0.01659872066617633,0.00015969711043821482,0.015978343365471423,2.4541930336600046e-05,11.490791896869245,0.08995237545798111,11.490791896869245,0.08995237545798111,0.6786372007366482,0.02725349647688534,0.0,0.0,0.003320420586607637,0.0,0.0,0.0,0.08103924755179333,0.014922743580234186,0.059909711984064286,0.0023304232207126256,0.0,0.0,3,0.1832166750173848,0.027416381246284868,4.0,0.0,2.0,0.0,4.0,0.0,0.0,0.0,0.03640453020731608,0.001316226827789915,0.016063349321484566,0.0025224809217559616,0.007138843647219909,0.0005728015939394337,0.0,0.0,0.0,0.0,nan,nan,0.9391256225788599,0.005777701443780026,0.03640453020731608,0.001316226827789915,0.016032931022346014,0.0024700706430329494,0.007126981810755724,0.0005718498321178421,0.0796900940785833,0.05409783911389015,0.03640453020731608,0.001316226827789915,0.016032931022346014,0.0024700706430329494,0.007126981810755724,0.0005718498321178421,0.038016884277264275,0.0004987946843137756,0.036233363300561906,0.00015018447360213238,0.036743921351929505,0.0002965268026773174,nan,nan,nan,nan,nan,nan,nan,nan,0.1282860045631726,0.009465969271875197,0.06690663597730558,0.004033184347302403,circle,nan,nan,nan,nan,nan,nan,nan,nan
0.08,0.0,4.488462031797813,0.24031035916198865,0.37845303867403307,0.08839779005524862,12.500286102294922,0.0,8.22048641644209,0.014244000166092277,0.12096184988816579,0.07797618788853539,0.000815999674766014,1.4948312904807997e-06,0.03905933015048504,0.00019829551473475165,0.0,0.0,nan,nan,nan,nan,nan,nan,nan,nan,naive_delayed,8,nan,nan,nan,nan,nan,nan,0.0745888469973579,0.09794538929819682,0.016612403911130967,6.6467242183866e-05,11.729281767955802,0.11762247986764457,11.729281767955802,0.11762247986764457,0.8038674033149172,0.046961325966850875,0.0,0.0,0.004427227448810182,0.0,0.0,0.0,0.1332587273974335,0.011533084116056922,0.05920851537079044,0.002444793685675615,0.0,0.0,3,0.3021769176673756,0.020233984260166572,4.0,0.0,2.0,0.0,4.0,0.0,0.0,0.0,0.04253942767779032,0.00160912247442704,0.023881219327449802,0.00020487931107294015,0.011612008383319827,0.0002710171164510297,0.0,0.0,0.0,0.0,nan,nan,0.9601549529607084,0.001995324446853376,0.04253942767779032,0.00160912247442704,0.023806794484456346,0.00015145969982144515,0.01158627536912444,0.00027041652376502673,0.07378712414683637,0.02000178947208405,0.04253942767779032,0.00160912247442704,0.023806794484456346,0.00015145969982144515,0.01158627536912444,0.00027041652376502673,0.09549310679237048,0.09780945269695092,0.03761698051045338,0.00015005663911295722,0.038396951717635,0.00019004808658555332,nan,nan,nan,nan,nan,nan,nan,nan,0.18031506290038424,0.002952981861448793,0.08907297224643744,0.002018516851431805,circle,nan,nan,nan,nan,nan,nan,nan,nan
0.02,0.0,5.598012729012044,0.13223003557506638,0.3344370860927152,0.011938911508158906,12.500286102294922,0.0,7.298511497301668,0.05140303142488805,0.10841706395149231,0.05217355298767448,0.0008266416649955014,8.130012220287084e-06,0.03905393754442533,0.00039417709534322865,0.0,0.0,nan,nan,nan,nan,nan,nan,nan,nan,naive_delayed,2,nan,nan,nan,nan,nan,nan,0.05989856367038252,0.07355062408924634,0.01657445409776604,0.00014585468926380413,11.496688741721854,0.022941070298924875,11.496688741721854,0.022941070298924875,0.6467991169977925,0.011628756901603471,0.0,0.0,0.0013271400132714,2.655742100606481e-19,0.0,0.0,0.06776893354675181,0.001969541502962183,0.054195963185967644,0.0009576820364240091,0.0,0.0,3,0.1397972352186534,0.004998013312351326,4.0,0.0,2.0,0.0,4.0,0.0,0.0,0.0,0.019256949424743652,0.0006550646131266375,0.006501718858877817,0.00013253990478707533,0.002999924049496963,1.6400944608655997e-05,0.0,0.0,0.0,0.0,nan,nan,0.8714886087148862,0.016040469594616996,0.019256949424743652,0.0006550646131266375,0.0065011650168647255,0.00013206087496949473,0.0029979327289658907,1.6390057820460958e-05,0.039150630391506305,0.0113390892439516,0.019256949424743652,0.0006550646131266375,0.0065011650168647255,0.00013206087496949473,0.0029979327289658907,1.6390057820460958e-05,0.08120986819267273,0.07362115190322084,0.037686275380353136,0.0004125632283753266,0.03815333592394988,0.0006083405109741275,nan,nan,nan,nan,nan,nan,nan,nan,0.10718577057123184,0.0014664032012813265,0.05406232811456049,0.0004322227710684658,fast_ellipse,nan,nan,nan,nan,nan,nan,nan,nan
0.04,0.0,6.283300816588933,0.3895557870330814,0.29028697571743933,0.016992057746512863,12.500286102294922,0.0,7.830098944930392,0.03670710357379982,0.07559723655382793,0.0004792623263040812,0.0008194036781787872,3.3927348536815433e-06,0.038971728210647906,0.00014611378303320361,0.0,0.0,nan,nan,nan,nan,nan,nan,nan,nan,naive_delayed,4,nan,nan,nan,nan,nan,nan,0.017946523667584795,0.0009456659765398129,0.016562217479562002,5.3691600572419146e-05,11.519867549668874,0.020141597782444887,11.519867549668874,0.020141597782444887,0.6578366445916114,0.005058030568383955,0.0,0.0,0.0026542800265428,5.311484201212962e-19,0.0,0.0,0.07207298482471979,0.001422966256329867,0.056321112176122214,0.0020780326896816218,0.0,0.0,3,0.14778143807321653,0.0032377159572093864,4.0,0.0,2.0,0.0,4.0,0.0,0.0,0.0,0.03205557664235433,0.002256255785817584,0.01599581850071748,0.000486431321996901,0.006936179590409783,0.00011928330528777662,0.0,0.0,0.0,0.0,nan,nan,0.9385091793850918,0.004800383635083106,0.03205557664235433,0.002256255785817584,0.015982735405365617,0.0004975929097620547,0.0069269681924673185,0.00011912489445389064,0.0650298606502986,0.016104394292649763,0.03205557664235433,0.002256255785817584,0.015982735405365617,0.0004975929097620547,0.0069269681924673185,0.00011912489445389064,0.03920613850156466,0.0004602480877059085,0.03773315207411846,0.0002937307872598261,0.038182788901031016,0.00031252004933172474,nan,nan,nan,nan,nan,nan,nan,nan,0.1055290475487709,0.004298848453373354,0.05508779896457364,0.0018205540349913651,fast_ellipse,nan,nan,nan,nan,nan,nan,nan,nan
0.06,0.0,4.520626751116274,0.4814965719437802,0.29801324503311255,0.031932618413883944,12.500286102294922,0.0,7.97399060031294,0.056892696391513106,0.07512708753347397,0.0020825248087798193,0.0008091763205205401,7.74006366510064e-06,0.03781216430167358,0.00040166086162354446,0.0,0.0,nan,nan,nan,nan,nan,nan,nan,nan,naive_delayed,6,nan,nan,nan,nan,nan,nan,0.017004924000502797,0.00039309224132211496,0.01612546791875502,0.00013403722999030438,11.612582781456956,0.005735267574731219,11.612582781456956,0.005735267574731219,0.7295805739514348,0.006892933773066637,0.0,0.0,0.003981420039814201,0.0,0.0,0.0,0.10136915874935422,0.005909670545762507,0.056577923246459626,0.0006685030149525574,0.0,0.0,3,0.21772029013071018,0.017551882696691907,4.0,0.0,2.0,0.0,4.0,0.0,0.0,0.0,0.03748480478922526,0.005497030782168702,0.014076656351486841,0.002099922235727857,0.0066175432834821,0.0006009563859804092,0.0,0.0,0.0,0.0,nan,nan,0.9380667993806681,0.003999810068574478,0.03748480478922526,0.005497030782168702,0.014064307262500126,0.0020890983938756554,0.006604356535173908,0.0005997588629319534,0.07078080070780801,0.044539999915795145,0.03748480478922526,0.005497030782168702,0.014064307262500126,0.0020890983938756554,0.006604356535173908,0.0005997588629319534,0.03771464650829633,0.0008824985128709852,0.03625273878375689,0.00028751896764168933,0.03673628759880861,0.0003018542226713742,nan,nan,nan,nan,nan,nan,nan,nan,0.14280363122622172,0.013595182988629967,0.0723838716309324,0.007084705135790018,fast_ellipse,nan,nan,nan,nan,nan,nan,nan,nan
0.08,0.0,4.379296623500888,0.304510753929464,0.358719646799117,0.03333260236322627,12.500286102294922,0.0,8.209488956046398,0.019720644465053064,0.10637561231851578,0.051528392574578905,0.0008246783399954438,4.07469939346764e-06,0.03937061950564385,0.00019502329370206406,0.0,0.0,nan,nan,nan,nan,nan,nan,nan,nan,naive_delayed,8,nan,nan,nan,nan,nan,nan,0.06238272066305702,0.07089911698301427,0.016877857883567535,6.641314332869001e-05,11.79580573951435,0.14831825298305565,11.79580573951435,0.14831825298305565,0.8498896247240619,0.04825053641146661,0.0,0.0,0.0053085600530856,1.0622968402425924e-18,0.0,0.0,0.14861528272098792,0.014299119474000706,0.06036810760132657,0.00318389830412698,0.0,0.0,3,0.33545168341617765,0.019225712102592375,4.0,0.0,2.0,0.0,4.0,0.0,0.0,0.0,0.04340100288391113,0.0008366733689604316,0.0240933820605278,0.0007152547969399047,0.011835600509926181,0.00023978906628344078,0.0,0.0,0.0,0.0,nan,nan,0.9522229595222296,0.0023925356837849444,0.04340100288391113,0.0008366733689604316,0.024080032358566917,0.0007131717321242833,0.011804143708758591,0.00023915175202347388,0.10794072107940722,0.017685520466835372,0.04340100288391113,0.0008366733689604316,0.024080032358566917,0.0007131717321242833,0.011804143708758591,0.00023915175202347388,0.08335153385996819,0.0703296657913809,0.038078894900778926,0.0003052045341536017,0.039641814604401596,0.000994104713741789,nan,nan,nan,nan,nan,nan,nan,nan,0.17971689105033875,0.005065353369203315,0.09298662501411788,0.0007129719289694333,fast_ellipse,nan,nan,nan,nan,nan,nan,nan,nan
0.02,0.0,17.66491612925869,2.5585060966626623,0.5340699815837938,0.00797445123190092,12.500286102294922,0.0,6.4578142571390265,0.0225527996306449,0.07716480642557144,0.0011351812104206254,0.0008400659814166526,9.15456733310606e-06,0.04161418663958708,0.00041003133829883745,0.0,0.0,nan,nan,nan,nan,nan,nan,nan,nan,no_feedback,2,nan,nan,nan,nan,nan,nan,0.017445773002691567,0.0001212899155759418,0.016599137618322855,0.0002357058427163207,11.085635359116024,0.016574585635359185,11.085635359116024,0.016574585635359185,0.440147329650092,0.023494200409158512,0.0,0.0,0.0011068068622025456,0.0,0.0,0.0,0.010675720121755121,0.00044216953352529866,0.024591858773391064,0.0006432059425567648,0.0,0.0,3,0.022896305508107062,0.0005523667413977076,4.0,0.0,2.0,0.0,4.0,0.0,0.0,0.0,2.1730860074361164e-08,7.051860722154719e-09,0.0,0.0,6.777735875246786e-10,8.823089944332442e-11,0.0,0.0,0.0,0.0,nan,nan,0.8966980261944291,0.02665735385678783,0.11275181174278259,0.02761797084254526,0.040026745510597976,0.007246953641339348,0.016821225523290063,0.003125730450968987,0.0,0.0,0.11275181174278259,0.02761797084254526,0.040026745510597976,0.007246953641339348,0.016821225523290063,0.003125730450968987,0.03911268959442774,0.0006037060802735924,0.03743715807795525,0.00036119600277786907,0.038053123019635676,0.0003461958562828943,nan,nan,nan,nan,nan,nan,nan,nan,0.05150711586078008,0.0014735310217677583,0.026185442081507155,0.0004688110348163654,circle,nan,nan,nan,nan,nan,nan,nan,nan
0.04,0.0,21.306429603735097,3.2283481912872984,0.5174953959484346,0.01880347868937581,12.500286102294922,0.0,6.540165607509828,0.05253729580003778,0.07859103629986446,0.0025173088254225907,0.0008363676800703009,7.2687637496113734e-06,0.042318920294443764,0.0005775293496541496,0.0,0.0,nan,nan,nan,nan,nan,nan,nan,nan,no_feedback,4,nan,nan,nan,nan,nan,nan,0.017974120327077497,0.000605717705989975,0.016442706564460726,0.00014151269336528738,11.103130755064456,0.015214283279795907,11.103130755064456,0.015214283279795907,0.4567219152854512,0.013054739299040352,0.0,0.0,0.002213613724405091,0.0,0.0,0.0,0.012123525146575337,0.001653306401878229,0.028909368929737334,0.008101323397762534,0.0,0.0,3,0.02559022047343684,0.00453151953023568,4.0,0.0,2.0,0.0,4.0,0.0,0.0,0.0,1.862645149230957e-08,3.725290298461914e-09,0.0,0.0,6.898180512714644e-10,4.8157877297336954e-11,0.0,0.0,0.0,0.0,nan,nan,0.8920863309352519,0.03430654950709209,0.1522323042154312,0.021072297926721856,0.04932035387804103,0.010027299777939095,0.02034197681564691,0.003529174562721123,0.0,0.0,0.1522323042154312,0.021072297926721856,0.04932035387804103,0.010027299777939095,0.02034197681564691,0.003529174562721123,0.038640459378560386,0.0003047586767030844,0.03744098984946807,0.00040493252535733776,0.03811906966070334,0.00026074802093617146,nan,nan,nan,nan,nan,nan,nan,nan,0.058785144612193085,0.007759062858581185,0.02955153705766392,0.004789040996560564,circle,nan,nan,nan,nan,nan,nan,nan,nan
0.06,0.0,17.03877092498232,4.372470458087332,0.48066298342541436,0.007308705279183933,12.500286102294922,0.0,6.6822595789070816,0.13426662604143794,0.08130909750858943,0.0023982510696712485,0.0008411333352948228,9.240750041817691e-07,0.04352430179715156,0.0004111082883295688,0.0,0.0,nan,nan,nan,nan,nan,nan,nan,nan,no_feedback,6,nan,nan,nan,nan,nan,nan,0.01797603200247977,0.00018101756717550305,0.016782938429241764,5.698749663587778e-05,11.079189686924494,0.012456491029897133,11.079189686924494,0.012456491029897133,0.46408839779005523,0.055455414088079386,0.0,0.0,0.003320420586607637,0.0,0.0,0.0,0.011735547140936239,0.0012750597961009873,0.026454100020217544,0.0026409113968614254,0.0,0.0,3,0.025158783140375025,0.002390387368868125,4.0,0.0,2.0,0.0,4.0,0.0,0.0,0.0,0.060149069875478745,0.004351789768410599,0.01458779590514799,0.0005369374513719661,0.006222780734152632,0.0004824322141129099,0.0,0.0,0.0,0.0,nan,nan,0.8819406013650619,0.04653966022378922,0.11015984416007996,0.02122107455874517,0.040318154978255395,0.011880216985705775,0.016791094655860983,0.0043313125988126144,0.0,0.0,0.11015984416007996,0.02122107455874517,0.040318154978255395,0.011880216985705775,0.016791094655860983,0.0043313125988126144,0.04102249816060066,0.002300339770578041,0.038060344631473224,0.0001550310543761009,0.03893482183416684,0.000337765532675824,nan,nan,nan,nan,nan,nan,nan,nan,0.055025646338860174,0.0014100790016006047,0.02748136966939378,0.0012948436546633445,circle,nan,nan,nan,nan,nan,nan,nan,nan
0.08,0.0,19.662260931492686,2.2343143598681228,0.48618784530386744,0.007308705279183965,12.500286102294922,0.0,6.72836444159829,0.14972486720756759,0.11055398732423782,0.0514325128389068,0.0008402436700028678,9.090686039188175e-06,0.04383228048682213,0.0002436559388702222,0.0,0.0,nan,nan,nan,nan,nan,nan,nan,nan,no_feedback,8,nan,nan,nan,nan,nan,nan,0.05888751399470493,0.07169628037168785,0.016573775659586922,0.00019657184791237162,11.09208103130755,0.022328463449322954,11.09208103130755,0.022328463449322954,0.4723756906077348,0.03736947308969248,0.0,0.0,0.004427227448810182,0.0,0.0,0.0,0.011815943645481051,0.0006078328624130163,0.025966829019630294,0.000996268147537748,0.0,0.0,3,0.025533422230091137,0.0010299635857160191,4.0,0.0,2.0,0.0,4.0,0.0,0.0,0.0,0.05508693804343542,0.011342959901307893,0.014131222541133569,0.0003380509215313133,0.006039584457994186,0.0002490319483049746,0.0,0.0,0.0,0.0,nan,nan,0.9247371333702269,0.005072026225739731,0.12959441542625427,0.01795450714487358,0.04484527955452594,0.004319664763360903,0.01880424316666052,0.001481892776282723,0.0,0.0,0.12959441542625427,0.01795450714487358,0.04484527955452594,0.004319664763360903,0.01880424316666052,0.001481892776282723,0.07989843189716339,0.07157191641459966,0.03752524958302577,0.0003166115289762476,0.03812201323608558,0.0004876419224798493,nan,nan,nan,nan,nan,nan,nan,nan,0.05580952540040015,0.000581804516529922,0.02819704419480062,0.0010204765711509687,circle,nan,nan,nan,nan,nan,nan,nan,nan
0.02,0.0,21.875418707399913,5.381900507342336,0.5286975717439294,0.008333150590806557,12.500286102294922,0.0,6.60248320009173,0.07449790799457257,0.12093402196963628,0.07680458543394983,0.0008363043307326734,3.0976097407561425e-06,0.041083637873331705,8.159630137825378e-05,0.0,0.0,nan,nan,nan,nan,nan,nan,nan,nan,no_feedback,2,nan,nan,nan,nan,nan,nan,0.017539757003153984,0.0004685162623943874,0.016631984587729676,9.531833828513994e-05,11.142384105960266,0.015174091705152326,11.142384105960266,0.015174091705152326,0.4955849889624724,0.03866286951023622,0.0,0.0,0.0013271400132714,2.655742100606481e-19,0.0,0.0,0.013984111347943314,0.0020713112461760367,0.04105941574788266,0.011295661431383172,0.0,0.0,3,0.02966654617695218,0.005776156495159031,4.0,0.0,2.0,0.0,4.0,0.0,0.0,0.0,1.6763806343078613e-08,1.862645149230957e-09,0.0,0.0,6.207080855313379e-10,1.273500136805054e-10,0.0,0.0,0.0,0.0,nan,nan,0.9261225392612253,0.019418164347435138,0.1287940392891566,0.022665714281379153,0.05270953432967263,0.015503664170062463,0.02136383993677826,0.004897443837173918,0.0,0.0,0.1287940392891566,0.022665714281379153,0.05270953432967263,0.015503664170062463,0.02136383993677826,0.004897443837173918,0.0410013310611248,0.0046128153694624295,0.037361391757925355,0.00013008979905690501,0.037956718690693385,0.0001711039176908209,nan,nan,nan,nan,nan,nan,nan,nan,0.0721757228175799,0.015125410630788257,0.034000260442568174,0.00601587152656386,fast_ellipse,nan,nan,nan,nan,nan,nan,nan,nan
0.04,0.0,25.705289756092213,3.05143615781871,0.49889624724061804,0.036323361306632065,12.500286102294922,0.0,6.7825373864049014,0.24304114697691695,0.07771168152491252,0.0014132070354678742,0.000837187321546177,1.3139929820777249e-05,0.04184445900221665,0.0005702625248931538,0.0,0.0,nan,nan,nan,nan,nan,nan,nan,nan,no_feedback,4,nan,nan,nan,nan,nan,nan,0.021011984999252793,0.0012207780389215386,0.016773145934227313,0.00017650297391077468,11.131346578366447,0.03446466886533405,11.131346578366447,0.03446466886533405,0.5331125827814569,0.03973509933774835,0.0,0.0,0.0026542800265428,5.311484201212962e-19,0.0,0.0,0.013965596999117981,0.000669421426552476,0.035906299554638275,0.005185655365430568,0.0,0.0,3,0.029749805896698876,0.001799526507172083,4.0,0.0,2.0,0.0,4.0,0.0,0.0,0.0,2.2972623507181804e-08,2.8452374630643926e-09,0.0,0.0,9.510834729214188e-10,7.969698042727285e-11,0.0,0.0,0.0,0.0,nan,nan,0.9458084494580845,0.012889893637985808,0.13556127746899924,0.009867244972302673,0.05750581715255972,0.010076841764047025,0.02347632273234379,0.003159661892596067,0.0,0.0,0.13556127746899924,0.009867244972302673,0.05750581715255972,0.010076841764047025,0.02347632273234379,0.003159661892596067,0.04249372333288193,0.002346241515262071,0.037707061817248665,0.00044520610778526993,0.0385012640679876,0.0003417430279076727,nan,nan,nan,nan,nan,nan,nan,nan,0.06447021899123988,0.005879666146942039,0.03341195834638948,0.0016888433679739766,fast_ellipse,nan,nan,nan,nan,nan,nan,nan,nan
0.06,0.0,17.852046016750645,1.168196345825562,0.48344370860927155,0.031932618413883944,12.500286102294922,0.0,6.701059324444685,0.15090909059856217,0.07925648242235184,0.0010547213584174578,0.0008397430065087974,1.2865130257574548e-06,0.043109292288621266,0.00017154684479382028,0.0,0.0,nan,nan,nan,nan,nan,nan,nan,nan,no_feedback,6,nan,nan,nan,nan,nan,nan,0.019230589333650034,0.0022626291780752238,0.016807236531409822,0.00018242373394604898,11.140176600441501,0.003823511716487479,11.140176600441501,0.003823511716487479,0.46467991169977924,0.04086867236550471,0.0,0.0,0.003981420039814201,0.0,0.0,0.0,0.012902106737151897,0.00011793662433009555,0.03510889131867553,0.0009533041922757365,0.0,0.0,3,0.028005094331011695,0.00068254571632549,4.0,0.0,2.0,0.0,4.0,0.0,0.0,0.0,0.049591453125079475,0.004502834909384738,0.01475587859749794,0.0006276304860127357,0.006196331336361276,0.00020258320874668893,0.0,0.0,0.0,0.0,nan,nan,0.8931652289316524,0.018966962080897723,0.11622027307748795,0.014456978749482645,0.03783091766138869,0.004368598648660889,0.016307006315252028,0.001594761308346393,0.0,0.0,0.11622027307748795,0.014456978749482645,0.03783091766138869,0.004368598648660889,0.016307006315252028,0.001594761308346393,0.04140037794907888,0.0010965318224700979,0.03818718424687783,0.00011455028254813268,0.03881385104109844,0.00017905069357595078,nan,nan,nan,nan,nan,nan,nan,nan,0.06027326794962088,0.002603324784113717,0.030618517020529975,0.0005704715086727209,fast_ellipse,nan,nan,nan,nan,nan,nan,nan,nan
0.08,0.0,23.186079254122163,3.4418253981377047,0.5,0.018436305837185488,12.500286102294922,0.0,6.748304322924316,0.1840699210476597,0.07751183956861496,0.0028687454033736047,0.0008438763325102627,9.381475132672964e-06,0.043445675820112224,0.0005294963759784885,0.0,0.0,nan,nan,nan,nan,nan,nan,nan,nan,no_feedback,8,nan,nan,nan,nan,nan,nan,0.01924863633272859,0.0027966756294622148,0.016752925173447394,1.646013471826186e-05,11.141280353200884,0.012536221513907533,11.141280353200884,0.012536221513907533,0.5264900662251656,0.053289658739838,0.0,0.0,0.0053085600530856,1.0622968402425924e-18,0.0,0.0,0.015438036930179986,0.0014261771572229133,0.04134149345254365,0.006247876807793595,0.0,0.0,3,0.03381384431904603,0.0030530903572403684,4.0,0.0,2.0,0.0,4.0,0.0,0.0,0.0,0.06163245439529419,0.013793713795123279,0.014566767960786825,0.00037668598896526805,0.006379711652799836,0.00016742942459773056,0.0,0.0,0.0,0.0,nan,nan,0.9152842291528422,0.0033398957908740614,0.14770341416200003,0.034118289110423514,0.055764331730703366,0.01294383800111052,0.02299681655925016,0.0033786593361834964,0.0,0.0,0.14770341416200003,0.034118289110423514,0.055764331730703366,0.01294383800111052,0.02299681655925016,0.0033786593361834964,0.043891520549853645,0.00801575464735912,0.03792369489868482,0.0001834999606958773,0.03849472583582004,0.000357947830136937,nan,nan,nan,nan,nan,nan,nan,nan,0.06561893212298553,0.004857566103011837,0.03663237952084208,0.0031416541333827504,fast_ellipse,nan,nan,nan,nan,nan,nan,nan,nan
