acceleration_violation_count,active_packet_gap_max_s,active_packet_gap_max_steps,active_packet_ratio,actuator_torque_rms_nm,baseline_selection_rate,case_id,command_acceleration_max_abs_rad_s2,command_acceleration_rms_rad_s2,control_compute_max_s,control_compute_p50_s,control_compute_p95_s,control_compute_p99_s,control_deadline_miss_count,control_period_max_s,control_period_p50_s,control_period_p95_s,control_period_p99_s,control_semantics_version,delay_protocol,delay_steps,e2e_max_s,e2e_p50_s,e2e_p95_s,e2e_p99_s,exact_final_pool_time_max_s,exact_final_pool_time_p50_s,exact_final_pool_time_p95_s,exact_pool_candidate_count_mean,exact_pool_valid_count_mean,exact_selection_changed_rate,failure_rate,fallback_duty_cycle,feedback_rms_rad,feedback_saturation_rate,joint_rmse_rad,joint_violation_count,label,lap_tcp_rmse_m,late_packet_rate,multirate_mode,nominal_command_semantics,orientation_rmse_rad,packet_age_max_steps,packet_age_p50_steps,packet_age_p95_steps,packet_expiration_count,packet_residual_semantics,planner_event_count,planner_execution_qref_error_max_rad,planner_execution_qref_error_p95_rad,planner_execution_qref_error_rms_rad,planner_failure_count,planner_failure_step_rate,planner_hz,projection_activation_rate,projection_discrepancy_max_rad,projection_discrepancy_p95_rad,projection_discrepancy_rms_rad,projection_semantics_version,residual_cost_semantics,residual_feasibility_semantics,residual_rms_rad,residual_saturation_rate,safety_projection_offset_max_rad,safety_projection_offset_p95_rad,safety_projection_offset_rms_rad,seed,solve_max_s,solve_p50_s,solve_p95_s,solve_p99_s,start_jitter_max_s,start_jitter_p50_s,start_jitter_p95_s,start_jitter_p99_s,steps,tcp_p95_m,tcp_rmse_m,total_torque_rms_nm,trajectory,velocity_violation_count,wakeup_lateness_max_s,wakeup_lateness_p50_s,wakeup_lateness_p95_s,wakeup_lateness_p99_s
0,0.0,0,nan,5.75414544947853,nan,circle:0,3.1495094299316406,0.474489287124293,0.0007765719783492386,0.00022355199325829744,0.00023974059440661218,0.0004863709199708051,0,nan,nan,nan,nan,2,full,6,nan,nan,nan,nan,nan,nan,nan,nan,nan,nan,0.0,nan,nan,nan,0.015249685278717225,0,DirectIK,0.03644693122300724,nan,synchronous,raw_ik,0.036029501136291,nan,nan,nan,0,requested,0,nan,nan,nan,0,0.0,nan,nan,nan,nan,nan,2,requested,finite,nan,nan,nan,nan,nan,0,nan,nan,nan,nan,nan,nan,nan,nan,1807,0.08892745003104206,0.04010962114423325,212.69852649578792,circle,0,nan,nan,nan,nan
0,0.0,0,1.0,13.768468097178022,0.5027624309392266,circle:0,12.500286102294922,6.483735748512815,2.3332457542419434,0.0008191880187951028,0.03789735399186611,0.03834926545619965,0,nan,nan,nan,nan,2,full,0,nan,nan,nan,nan,0.01591813299819478,0.01528519299972686,0.015565882999362656,11.107734806629834,11.107734806629834,0.4281767955801105,0.0,0.0,nan,0.0,0.010105139575211197,0,IdealZeroDelay,0.02341005616829878,0.0,virtual_asap,raw_ik,0.021017774733311508,4.0,2.0,4.0,0,requested,362,0.0007928609848022461,8.338689804077148e-05,4.606888564963043e-05,0,0.0,nan,0.8826784726065302,0.09373308718204498,0.030340746045112582,0.013089789957350016,2,requested,finite,0.014180249027677375,0.0,0.09373308718204498,0.030340746045112582,0.013089789957350016,0,0.036750372499227524,0.03472358174622059,0.0353459544479847,0.035766371190547944,nan,nan,nan,nan,1807,0.04762396402657032,0.024212010352060036,213.25655826045985,circle,0,nan,nan,nan,nan
0,0.06,6,0.9966795794133924,4.5714547609387175,0.27071823204419887,circle:0,12.500286102294922,7.847801321193347,0.07316286116838455,0.000812580983620137,0.037811315059661864,0.03853559955954552,0,nan,nan,nan,nan,2,naive_delayed,6,nan,nan,nan,nan,0.016529248998267576,0.01531354650069261,0.015951843098082463,11.397790055248619,11.397790055248619,0.6657458563535912,0.0,0.003320420586607637,nan,0.0,0.06516768114475088,0,NaiveDelayed,0.05793572600818515,0.0,virtual_asap,raw_ik,0.15159984947909905,4.0,2.0,4.0,0,requested,362,0.03756749629974365,0.018971920013427734,0.007780974603701106,0,0.0,nan,0.9324847814056447,0.03756749629974365,0.018880900740623454,0.007768045808388852,2,requested,finite,0.059632873433336765,0.02213613724405091,0.03756749629974365,0.018880900740623454,0.007768045808388852,0,0.03855282440781593,0.035078007727861404,0.0361595094203949,0.03674848563969135,nan,nan,nan,nan,1807,0.12834219634532926,0.06819700190743057,210.7041157992622,circle,0,nan,nan,nan,nan
0,0.06,6,0.9966795794133924,20.208502628135605,0.5027624309392266,circle:0,12.500286102294922,6.723324354194859,0.08246900141239166,0.0008505479781888425,0.041781060025095934,0.042545149326324465,0,nan,nan,nan,nan,2,full,6,nan,nan,nan,nan,0.017388665000908077,0.015304064501833636,0.016082767552870792,11.088397790055248,11.088397790055248,0.47790055248618785,0.0,0.003320420586607637,nan,0.0011068068622025456,0.013045901851369304,0,FullVirtual,0.03200625223710408,0.0,virtual_asap,raw_ik,0.028522122183773816,4.0,2.0,4.0,0,requested,362,0.05055496096611023,0.01300002634525299,0.005713919641640652,0,0.0,nan,0.9286109573879358,0.12009255588054657,0.053882256150245646,0.021900230317127196,2,requested,finite,0.022223482639948146,0.0,0.12009255588054657,0.053882256150245646,0.021900230317127196,0,0.0381849929690361,0.034975383430719376,0.03665509130805731,0.03739845778793097,nan,nan,nan,nan,1807,0.06664327159523964,0.03207412323000702,213.72825731317226,circle,0,nan,nan,nan,nan
0,0.06,6,0.9966795794133924,17.789523993256793,0.5186813186813187,circle:0,12.500286102294922,6.882450744929268,0.0013743550516664982,0.000492619990836829,0.0008521241077687591,0.0010478201182559132,0,0.010369881056249142,0.00999996205791831,0.01008276967331767,0.010129594150930643,2,full,6,0.07346711307764053,0.04544036090373993,0.049049280770123,0.05094330366700886,0.027491877001011744,0.01619418699556263,0.016964077601005555,11.057142857142857,11.057142857142857,0.49230769230769234,0.0,0.003320420586607637,nan,0.0,0.012520186553963034,0,ThreadedASAP,0.030100557617673204,0.004395604395604396,threaded_asap,raw_ik,0.026701722455931304,10.0,2.0,4.0,0,requested,455,0.12838929891586304,0.04090846888720989,0.018125639989390627,0,0.0,25.174654006958008,0.8793580520199226,0.12838876247406006,0.04111740030348301,0.01819968848615945,2,requested,finite,0.017675403643817603,0.0,0.12838876247406006,0.04111740030348301,0.01819968848615945,0,0.05972493067383766,0.03685728460550308,0.03827630914747715,0.03962115813046693,0.00036988098872825503,-3.800028824940682e-08,8.276975131593645e-05,0.00012959399464307364,1807,0.06190334148705005,0.02970463593799036,213.4131534089872,circle,0,0.0005147376796230674,0.00016420273459516466,0.0002596513921162113,0.0002997978607891129
0,0.0,0,1.0,19.413998562759634,0.5386740331491713,circle:1,12.500286102294922,6.407556109627358,0.07242029160261154,0.0008189660147763789,0.038094501569867135,0.03874227456748486,0,nan,nan,nan,nan,2,full,0,nan,nan,nan,nan,0.016500880003150087,0.015294597998945392,0.015609669002333248,11.066298342541437,11.066298342541437,0.4585635359116022,0.0,0.0,nan,0.0,0.011193461161196119,0,IdealZeroDelay,0.0243303536022669,0.0,virtual_asap,raw_ik,0.024127120459770925,4.0,2.0,4.0,0,requested,362,0.0007603168487548828,8.4087252616882e-05,4.5637501330690215e-05,0,0.0,nan,0.8848920863309353,0.10836400091648102,0.04902116283774369,0.02002186918200531,2,requested,finite,0.02075014577115213,0.0,0.10836400091648102,0.04902116283774369,0.02002186918200531,1,0.042772695422172546,0.03475476615130901,0.03573676403611898,0.036481991857290265,nan,nan,nan,nan,1807,0.0545345891267061,0.027952150285809215,213.63799691310265,circle,0,nan,nan,nan,nan
0,0.06,6,0.9966795794133924,4.71901988348924,0.27348066298342544,circle:1,12.500286102294922,7.870027740653172,0.07360923290252686,0.0008112079813145101,0.037994991242885585,0.03896587081253529,0,nan,nan,nan,nan,2,naive_delayed,6,nan,nan,nan,nan,0.016485526000906248,0.015432449499712675,0.015982898200672935,11.577348066298342,11.577348066298342,0.7099447513812155,0.0,0.003320420586607637,nan,0.0,0.0947852210105086,0,NaiveDelayed,0.059312909873857976,0.0,virtual_asap,raw_ik,0.19763217077434034,4.0,2.0,4.0,0,requested,362,0.03667044639587402,0.014743497595191002,0.0066804736094557325,0,0.0,nan,0.9418926397343663,0.03667044639587402,0.01474329773336649,0.0066693733963995834,2,requested,finite,0.09112430342448415,0.12949640287769784,0.03667044639587402,0.01474329773336649,0.0066693733963995834,1,0.037566233426332474,0.035239746794104576,0.03613440580666065,0.03644513875246048,nan,nan,nan,nan,1807,0.13772375285625446,0.07013673271880683,210.83969397355534,circle,0,nan,nan,nan,nan
0,0.06,6,0.9966795794133924,13.921672400034597,0.505524861878453,circle:1,12.500286102294922,6.696676693711069,0.07612835615873337,0.0008434230112470686,0.04186117984354496,0.04313286624848843,0,nan,nan,nan,nan,2,full,6,nan,nan,nan,nan,0.016403385998273734,0.015316696997615509,0.015924679251838825,11.085635359116022,11.085635359116022,0.425414364640884,0.0,0.003320420586607637,nan,0.0,0.010899191420847802,0,FullVirtual,0.025410146028033296,0.0,virtual_asap,raw_ik,0.02435019301226349,4.0,2.0,4.0,0,requested,362,0.0475010871887207,0.014000027440488338,0.006023608543442521,0,0.0,nan,0.8516878804648589,0.08284875750541687,0.03035863600671291,0.013073628034871816,2,requested,finite,0.014054030201373354,0.0,0.08284875750541687,0.03035863600671291,0.013073628034871816,1,0.03733665868639946,0.03488570638000965,0.03609048668295145,0.036422141566872596,nan,nan,nan,nan,1807,0.054249378293752655,0.025976844738392728,213.0961362403989,circle,0,nan,nan,nan,nan
0,0.06,6,0.9966795794133924,14.739663029543932,0.47288503253796094,circle:1,12.500286102294922,6.8736016491292595,0.001289063016884029,0.0004925709799863398,0.0009614237118512392,0.0010935180075466633,0,0.010381805710494518,0.009999704081565142,0.010091201402246952,0.010132207581773401,2,full,6,0.05562249943614006,0.044636841863393784,0.04810591805726289,0.04922472510486841,0.022469425995950587,0.016030532999138813,0.016760685000917874,11.067245119305857,11.067245119305857,0.4837310195227766,0.0,0.003320420586607637,nan,0.0,0.01132311496602877,0,ThreadedASAP,0.02542224421470553,0.0021691973969631237,threaded_asap,raw_ik,0.023819133406207144,8.0,2.0,4.0,0,requested,461,0.08622516691684723,0.03352549113333225,0.013991263752366435,0,0.0,25.503080368041992,0.8610957387935805,0.08620283007621765,0.03379435688257216,0.014148030776750994,2,requested,finite,0.014342853373343938,0.0,0.08620283007621765,0.03379435688257216,0.014148030776750994,1,0.04436842352151871,0.036410167813301086,0.0377175958827138,0.03829955361783505,0.0003818059922195971,-2.9599846129713114e-07,9.120124741457403e-05,0.00013220744804129936,1807,0.05883163772523402,0.027784595123357923,213.1503195505628,circle,0,0.0006147790118120611,0.00017821587971411645,0.00026761225017253305,0.00031882244336884486
0,0.0,0,1.0,26.76791590014262,0.5276243093922652,circle:2,12.500286102294922,6.832966068749361,0.07200973480939865,0.0008288589888252318,0.03836090378463268,0.038801475167274474,0,nan,nan,nan,nan,2,full,0,nan,nan,nan,nan,0.01716385700274259,0.015356473999418085,0.01562736144878727,11.07182320441989,11.07182320441989,0.574585635359116,0.0,0.0,nan,0.0,0.012681196736099116,0,IdealZeroDelay,0.030831248115151144,0.0,virtual_asap,raw_ik,0.02695974505424877,4.0,2.0,4.0,0,requested,362,0.0007143020629882812,8.201301097869867e-05,4.384251301908012e-05,0,0.0,nan,0.9153292750415053,0.183355450630188,0.05925286766141652,0.023762339556745102,2,requested,finite,0.023382189490686312,0.0,0.183355450630188,0.05925286766141652,0.023762339556745102,2,0.036868367344141006,0.03504500538110733,0.03574511781334877,0.035988776795566085,nan,nan,nan,nan,1807,0.05883797556161877,0.030523715424918496,214.451697587784,circle,0,nan,nan,nan,nan
0,0.06,6,0.9966795794133924,4.559542274884337,0.26519337016574585,circle:2,12.500286102294922,7.885292419296968,0.07448433339595795,0.0008181019802577794,0.03795027732849121,0.03854129694402218,0,nan,nan,nan,nan,2,naive_delayed,6,nan,nan,nan,nan,0.016781386999355163,0.015453962498213514,0.016000288797658867,11.497237569060774,11.497237569060774,0.6602209944751382,0.0,0.003320420586607637,nan,0.0,0.08316484050012053,0,NaiveDelayed,0.062480500070149755,0.0,virtual_asap,raw_ik,0.20041800479871508,4.0,2.0,4.0,0,requested,362,0.034975647926330566,0.014474630355834961,0.006955082728502891,0,0.0,nan,0.9429994465965689,0.034975647926330566,0.014474594593048095,0.006943526227478735,2,requested,finite,0.07912949572381527,0.08743774211400111,0.034975647926330566,0.014474594593048095,0.006943526227478735,2,0.037931594997644424,0.03530372865498066,0.036406174674630164,0.037038139663636685,nan,nan,nan,nan,1807,0.11879206448793411,0.062386173305679374,212.42085644859594,circle,0,nan,nan,nan,nan
0,0.06,6,0.9966795794133924,32.75332719351193,0.4530386740331492,circle:2,12.500286102294922,7.1926450374588695,0.07704299688339233,0.000845995033159852,0.04156746976077556,0.04309815682470799,0,nan,nan,nan,nan,2,full,6,nan,nan,nan,nan,0.016305195000313688,0.015366126001026714,0.015879422647776663,11.077348066298342,11.077348066298342,0.505524861878453,0.0,0.003320420586607637,nan,0.005534034311012728,0.014985076586259015,0,FullVirtual,0.0326301191208626,0.0,virtual_asap,raw_ik,0.03232305093360027,4.0,2.0,4.0,0,requested,362,0.05926060676574707,0.014999985694885254,0.006515739243384125,0,0.0,nan,0.9418926397343663,0.16218765079975128,0.06688474714756004,0.027375399594867497,2,requested,finite,0.02684794025570955,0.0,0.16218765079975128,0.06688474714756004,0.027375399594867497,2,0.036669086664915085,0.035051507875323296,0.03606592025607824,0.036362849622964856,nan,nan,nan,nan,1807,0.06508848965167999,0.03491568917112515,215.143173715068,circle,0,nan,nan,nan,nan
0,0.06,6,0.9966795794133924,16.238342415470946,0.5560439560439561,circle:2,12.500286102294922,6.644541849084925,0.0013734919484704733,0.0004660359991248697,0.0007008948945440351,0.000875621670857072,0,0.010356016457080841,0.00999839510768652,0.010078683728352189,0.010165058635175228,2,full,6,0.05968157947063446,0.045467521995306015,0.048916089721024035,0.051889580935239786,0.026242031002766453,0.01620448799803853,0.01696143480075989,11.048351648351648,11.048351648351648,0.46373626373626375,0.0,0.003320420586607637,nan,0.0,0.011874691116408029,0,ThreadedASAP,0.02895897710692635,0.002197802197802198,threaded_asap,raw_ik,0.024998909268081942,9.0,2.0,4.0,0,requested,455,0.132524311542511,0.03625896014273167,0.01569358596316343,0,0.0,25.17608642578125,0.8710570005534034,0.13252194225788116,0.03621371053159236,0.015810334057358207,2,requested,finite,0.01594938560569915,0.0,0.13252194225788116,0.03621371053159236,0.015810334057358207,2,0.04880109056830406,0.036765081807971,0.03825208749622106,0.0400458014011383,0.00035601601121015847,-1.605001443749643e-06,7.868399916333146e-05,0.00016505845269421126,1807,0.06458040997385976,0.029424067323336713,213.34135671899807,circle,0,0.0005412499886006117,0.00016402325127273798,0.0002449196763336658,0.0003256109968060628
0,0.0,0,1.0,22.478054294783828,0.5193370165745856,circle:3,12.500286102294922,6.632211181897855,0.07225480675697327,0.0008306860108859837,0.038442126661539074,0.03944161452353002,0,nan,nan,nan,nan,2,full,0,nan,nan,nan,nan,0.01885489899723325,0.015388973499284475,0.015996295351578736,11.07182320441989,11.07182320441989,0.4861878453038674,0.0,0.0,nan,0.0,0.011947760849604163,0,IdealZeroDelay,0.02575578270921226,0.0,virtual_asap,raw_ik,0.024415436811545337,4.0,2.0,4.0,0,requested,362,0.0006850957870483398,7.988307625055285e-05,4.2790454874148244e-05,0,0.0,nan,0.9297177642501383,0.0989275798201561,0.05126249045133589,0.019563435318233055,2,requested,finite,0.01960806089138467,0.0,0.0989275798201561,0.05126249045133589,0.019563435318233055,3,0.04377792403101921,0.03516124561429024,0.03672287017107009,0.04232959549874067,nan,nan,nan,nan,1807,0.053859161213040296,0.02796264994774535,213.95339783789944,circle,0,nan,nan,nan,nan
0,0.06,6,0.9966795794133924,4.480489418193791,0.26243093922651933,circle:3,12.500286102294922,8.070489657698403,0.07391560077667236,0.0008161020232364535,0.038200275227427485,0.03872330114245415,0,nan,nan,nan,nan,2,naive_delayed,6,nan,nan,nan,nan,0.017338989997369936,0.015473829502298031,0.016113416000916914,11.57182320441989,11.57182320441989,0.7403314917127072,0.0,0.003320420586607637,nan,0.0,0.0964518861909779,0,NaiveDelayed,0.060265903140123096,0.0,virtual_asap,raw_ik,0.2077113490593226,4.0,2.0,4.0,0,requested,362,0.04225766658782959,0.014880657196044922,0.006850927018122298,0,0.0,nan,0.9579413392363033,0.04225766658782959,0.01486340835690498,0.006839543581261527,2,requested,finite,0.09240733435393178,0.06253458771444383,0.04225766658782959,0.01486340835690498,0.006839543581261527,3,0.03752269223332405,0.035397887229919434,0.036277509108185765,0.03693994056433439,nan,nan,nan,nan,1807,0.1460436299443244,0.07373226595550875,210.1079943899813,circle,0,nan,nan,nan,nan
0,0.06,6,0.9966795794133924,14.760855613459684,0.4530386740331492,circle:3,12.500286102294922,6.845517877103196,0.07708039879798889,0.0008415660122409463,0.041513913124799726,0.042539022713899616,0,nan,nan,nan,nan,2,full,6,nan,nan,nan,nan,0.016446266999992076,0.015242688496073242,0.0158761697497539,11.104972375690608,11.104972375690608,0.47513812154696133,0.0,0.003320420586607637,nan,0.0005534034311012728,0.011229938737703846,0,FullVirtual,0.0243751204202613,0.0,virtual_asap,raw_ik,0.02433868845556752,4.0,2.0,4.0,0,requested,362,0.047662317752838135,0.014000028371810913,0.006113116485035146,0,0.0,nan,0.8727172108467073,0.133346825838089,0.0318948045372963,0.014146403123374248,2,requested,finite,0.014977522258061288,0.0,0.133346825838089,0.0318948045372963,0.014146403123374248,3,0.03692120313644409,0.034869708120822906,0.03588369470089674,0.036338273920118805,nan,nan,nan,nan,1807,0.05134334564208984,0.026996317902546016,213.12373763565287,circle,0,nan,nan,nan,nan
0,0.06,6,0.9966795794133924,12.3131843900378,0.509719222462203,circle:3,12.500286102294922,6.84045659790428,0.003504653926938772,0.0005010989843867719,0.0009771260898560285,0.0010921277990564705,0,0.010311923921108246,0.010000251699239016,0.010094560217112303,0.010139998141676187,2,full,6,0.06184453144669533,0.04437965899705887,0.0487110236659646,0.04961221642792225,0.027216372996917926,0.015903498002444394,0.016580148497450865,11.04535637149028,11.04535637149028,0.46652267818574517,0.0,0.003320420586607637,nan,0.0,0.011237297280348101,0,ThreadedASAP,0.025312823093770927,0.0021598272138228943,threaded_asap,raw_ik,0.025007076886239925,9.0,2.0,4.0,0,requested,463,0.09945550560951233,0.02970291068777442,0.012824213661894648,0,0.0,25.594587326049805,0.8666297731045932,0.09941601008176804,0.029973975196480748,0.012941560618167225,2,requested,finite,0.012850649276718458,0.0,0.09941601008176804,0.029973975196480748,0.012941560618167225,3,0.04887158423662186,0.03623721934854984,0.03742389231920242,0.038397295512259004,0.0003119239991065115,2.5149915217070884e-07,9.456024781684391e-05,0.00013999819784658033,1807,0.06263434663414953,0.0282774808984439,213.04526032628462,circle,0,0.0004826873482670635,0.00023503060219809413,0.000272697614855133,0.00033515459275804474
0,0.0,0,1.0,17.449058039136414,0.5524861878453039,circle:4,12.500286102294922,6.471415221009575,0.07727129012346268,0.0008298750035464764,0.03914856985211372,0.041819113045930875,0,nan,nan,nan,nan,2,full,0,nan,nan,nan,nan,0.02518584599965834,0.015490153500650194,0.01700772474905534,11.074585635359115,11.074585635359115,0.430939226519337,0.0,0.0,nan,0.0,0.010773908488949583,0,IdealZeroDelay,0.02609791504058199,0.0,virtual_asap,raw_ik,0.022979721780055768,4.0,2.0,4.0,0,requested,362,0.0005971193313598633,8.254351560026387e-05,4.3581886015721404e-05,0,0.0,nan,0.8788046485888212,0.09248049557209015,0.03714731708168983,0.015285555605455798,2,requested,finite,0.015743895699382397,0.0,0.09248049557209015,0.03714731708168983,0.015285555605455798,4,0.07173886150121689,0.03543931804597378,0.038082355260848993,0.042807331867516035,nan,nan,nan,nan,1807,0.05123951695859431,0.02654942585386645,213.3674778775554,circle,0,nan,nan,nan,nan
0,0.06,6,0.9966795794133924,4.505039467351653,0.27624309392265195,circle:4,12.500286102294922,8.015285170138473,0.07507696747779846,0.0008099870174191892,0.03801758624613285,0.03862216927111149,0,nan,nan,nan,nan,2,naive_delayed,6,nan,nan,nan,nan,0.0168922359989665,0.015458683999895584,0.016055662600047073,11.549723756906078,11.549723756906078,0.6767955801104972,0.0,0.003320420586607637,nan,0.0,0.08983488926908756,0,NaiveDelayed,0.06508662857632365,0.0,virtual_asap,raw_ik,0.1977913338579744,4.0,2.0,4.0,0,requested,362,0.04022723436355591,0.013923360034823418,0.006680178072482881,0,0.0,nan,0.9584947426674045,0.04022723436355591,0.013895561918616257,0.006669078350488228,2,requested,finite,0.08548099435253709,0.055893746541228556,0.04022723436355591,0.013895561918616257,0.006669078350488228,4,0.03831009566783905,0.03524039313197136,0.03655770849436522,0.03694799188524484,nan,nan,nan,nan,1807,0.13311381191015237,0.07251200124761997,209.3540052014275,circle,0,nan,nan,nan,nan
0,0.06,6,0.9966795794133924,18.63193623325726,0.5082872928176796,circle:4,12.500286102294922,6.706777526177313,0.07691293954849243,0.0008514709770679474,0.04204045869410038,0.04331175215542316,0,nan,nan,nan,nan,2,full,6,nan,nan,nan,nan,0.016836504997627344,0.015369259501312627,0.015999970497068715,11.07182320441989,11.07182320441989,0.42265193370165743,0.0,0.003320420586607637,nan,0.0005534034311012728,0.011300153623364461,0,FullVirtual,0.026171420977711725,0.0,virtual_asap,raw_ik,0.024060531740239515,4.0,2.0,4.0,0,requested,362,0.04640364646911621,0.01360313966870308,0.005916379564961131,0,0.0,nan,0.9059214167127836,0.1221775934100151,0.039704327285289755,0.01678054170214743,2,requested,finite,0.017752834221550915,0.0,0.1221775934100151,0.039704327285289755,0.01678054170214743,4,0.03770752251148224,0.03517184592783451,0.036105869337916374,0.036507962793111796,nan,nan,nan,nan,1807,0.05296286754310128,0.026508966048486102,213.34182959145795,circle,0,nan,nan,nan,nan
0,0.06,6,0.9966795794133924,15.519510229900682,0.5098468271334792,circle:4,12.500286102294922,6.779227543707054,0.002392251044511795,0.0004690240020863712,0.00092404528404586,0.001229129291605205,0,0.010406914167106152,0.009999265428632498,0.010085324756801128,0.010145616065710784,2,full,6,0.05472799018025398,0.04512572102248669,0.04909447114914656,0.051073473878204816,0.018645942000148352,0.016106420000141952,0.01696314900473226,11.048140043763675,11.048140043763675,0.437636761487965,0.0,0.003320420586607637,nan,0.0,0.01091589679865159,0,ThreadedASAP,0.026185784696738972,0.0,threaded_asap,raw_ik,0.02358987912506703,5.0,2.0,4.0,0,requested,457,0.1050838977098465,0.03306122217327356,0.014211195386115344,0,0.0,25.283061981201172,0.8754842280022136,0.10493685305118561,0.03348939307034014,0.014367838520043351,2,requested,finite,0.014844795951455473,0.0,0.10493685305118561,0.03348939307034014,0.014367838520043351,4,0.047875694930553436,0.03673296608030796,0.03833361808210611,0.0389936676248908,0.00040691401227377355,-7.345022368099308e-07,8.532449828635436e-05,0.000145615850487957,1807,0.05505465567111968,0.026816029696811725,213.28811487684854,circle,0,0.000605342909693718,0.0001815195137169212,0.00026714962150435894,0.00034696128859650364
0,0.0,0,nan,5.170003450289162,nan,figure8:0,2.8248131275177,0.4908131990705792,0.0005456299986690283,0.0002219320012954995,0.000228403604705818,0.000251493911491707,0,nan,nan,nan,nan,2,full,6,nan,nan,nan,nan,nan,nan,nan,nan,nan,nan,0.0,nan,nan,nan,0.014267588990708997,0,DirectIK,0.03163727547558505,nan,synchronous,raw_ik,0.03357206893664515,nan,nan,nan,0,requested,0,nan,nan,nan,0,0.0,nan,nan,nan,nan,nan,2,requested,finite,nan,nan,nan,nan,nan,0,nan,nan,nan,nan,nan,nan,nan,nan,1807,0.08892749473452564,0.03801603391284657,212.6184140497812,figure8,0,nan,nan,nan,nan
0,0.0,0,1.0,20.03126062866955,0.505524861878453,figure8:0,12.500286102294922,6.544259241438867,0.07588022947311401,0.0008329059928655624,0.0389348067343235,0.040742432922124865,0,nan,nan,nan,nan,2,full,0,nan,nan,nan,nan,0.018646520999027416,0.015574468001432251,0.017094465049740392,11.088397790055248,11.088397790055248,0.4585635359116022,0.0,0.0,nan,0.0,0.011127841639770064,0,IdealZeroDelay,0.023059221823576018,0.0,virtual_asap,raw_ik,0.0239034728435393,4.0,2.0,4.0,0,requested,362,0.0007131099700927734,8.775098249316207e-05,4.482530043515677e-05,0,0.0,nan,0.8467072495849475,0.12748150527477264,0.04767906572669742,0.01921059890797349,2,requested,finite,0.019425733364821823,0.0,0.12748150527477264,0.04767906572669742,0.01921059890797349,0,0.04613038897514343,0.03558335453271866,0.038025840930640695,0.04303330585360527,nan,nan,nan,nan,1807,0.051738632842898355,0.026712544998048312,213.3603796108004,figure8,0,nan,nan,nan,nan
0,0.06,6,0.9966795794133924,4.721853514069965,0.30939226519337015,figure8:0,12.500286102294922,7.879079349535273,0.07486112415790558,0.000820091983769089,0.038095710426568986,0.038760822042822836,0,nan,nan,nan,nan,2,naive_delayed,6,nan,nan,nan,nan,0.017316412999207387,0.015584282999043353,0.016250881650739755,11.477900552486188,11.477900552486188,0.6519337016574586,0.0,0.003320420586607637,nan,0.0,0.07678536843728281,0,NaiveDelayed,0.04724330810551044,0.0,virtual_asap,raw_ik,0.16258898854759327,4.0,2.0,4.0,0,requested,362,0.04148751497268677,0.014402594417333603,0.007033961129780959,0,0.0,nan,0.9407858328721638,0.04148751497268677,0.014338865876197815,0.007022273565136032,2,requested,finite,0.0723795489372559,0.07858328721638075,0.04148751497268677,0.014338865876197815,0.007022273565136032,0,0.03765248507261276,0.03551972284913063,0.03654284197837114,0.03725576102733612,nan,nan,nan,nan,1807,0.1174243606626987,0.05783018908224094,212.73314596536065,figure8,0,nan,nan,nan,nan
0,0.06,6,0.9966795794133924,15.468242593296736,0.5220994475138122,figure8:0,12.500286102294922,6.628610759722814,0.0772138461470604,0.0008445139974355698,0.04196880310773849,0.04282275155186653,0,nan,nan,nan,nan,2,full,6,nan,nan,nan,nan,0.017293495002377313,0.015451592498720856,0.0160768547499174,11.082872928176796,11.082872928176796,0.4198895027624309,0.0,0.003320420586607637,nan,0.0016602102933038186,0.011656361951817715,0,FullVirtual,0.02341094501917266,0.0,virtual_asap,raw_ik,0.02439351699582006,4.0,2.0,4.0,0,requested,362,0.059999942779541016,0.013000089675188065,0.005587836792911085,0,0.0,nan,0.8284449363586054,0.13412386178970337,0.033935368806123724,0.015861608585658604,2,requested,finite,0.01594151811543847,0.0,0.13412386178970337,0.033935368806123724,0.015861608585658604,0,0.037476517260074615,0.0351953711360693,0.03628887645900249,0.03694820795208216,nan,nan,nan,nan,1807,0.05870548114180564,0.02775227572663047,213.28287460433774,figure8,0,nan,nan,nan,nan
0,0.06,6,0.9950193691200886,14.711491128093199,0.5570469798657718,figure8:0,12.500286102294922,6.566459420763751,0.001425629947334528,0.00047771100071258843,0.0008956107194535434,0.001104617165401578,12,0.13245344161987305,0.009999395348131657,0.010081889340654016,0.010154441557824611,2,full,6,0.18047842383384705,0.04522477649152279,0.05025834124535322,0.05307324919849635,0.15066857400233857,0.01619987500453135,0.017674471798818557,11.03579418344519,11.03579418344519,0.46756152125279643,0.0,0.004980630879911455,nan,0.0,0.010520665318335549,0,ThreadedASAP,0.02356300508894896,0.008948545861297539,threaded_asap,raw_ik,0.022497414422449336,19.0,2.0,4.0,1,requested,447,0.09942253679037094,0.034112741611897944,0.014804484334763775,0,0.0,24.729774475097656,0.853901494189264,0.09930674731731415,0.034313727170228916,0.014867813254472291,2,requested,finite,0.014929028261645522,0.0,0.09930674731731415,0.034313727170228916,0.014867813254472291,0,0.1712968498468399,0.036771226674318314,0.04017767496407032,0.04373253565281632,0.12245344370603561,-6.044990641385084e-07,8.188924948626664e-05,0.00015444180753547703,1807,0.05226778611540794,0.025973870765022992,213.10616936150097,figure8,0,0.12257669121026993,0.00014372196164913476,0.0002622154715936631,0.0004346322873607279
0,0.0,0,1.0,16.403227539585167,0.5524861878453039,figure8:1,12.500286102294922,6.375355758074373,0.07870783656835556,0.0008342540240846574,0.03862771689891814,0.04706394903361798,0,nan,nan,nan,nan,2,full,0,nan,nan,nan,nan,0.03235509899968747,0.015482979999433155,0.01801889630005462,11.0939226519337,11.0939226519337,0.45027624309392267,0.0,0.0,nan,0.0,0.01053533170374638,0,IdealZeroDelay,0.021668681221196164,0.0,virtual_asap,raw_ik,0.023208806945847944,4.0,2.0,4.0,0,requested,362,0.0007638931274414062,8.374452590942383e-05,4.508050863594348e-05,0,0.0,nan,0.8411732152739347,0.19419002532958984,0.03340383283793924,0.017045597079290615,2,requested,finite,0.018034453233204593,0.0,0.19419002532958984,0.03340383283793924,0.017045597079290615,1,0.0723763108253479,0.035291802138090134,0.042604731395840645,0.05079019021242854,nan,nan,nan,nan,1807,0.057021460682153684,0.025971918458923972,213.29793105983725,figure8,0,nan,nan,nan,nan
0,0.06,6,0.9966795794133924,4.389222708068292,0.3453038674033149,figure8:1,12.500286102294922,8.057852026045829,0.07222362607717514,0.0008182949968613684,0.03820047378540039,0.03882491908967495,0,nan,nan,nan,nan,2,naive_delayed,6,nan,nan,nan,nan,0.017282093001995236,0.01542422149941558,0.016031558197028062,11.53867403314917,11.53867403314917,0.7430939226519337,0.0,0.003320420586607637,nan,0.0,0.08797500661898972,0,NaiveDelayed,0.05145889624179374,0.0,virtual_asap,raw_ik,0.1880021605873513,4.0,2.0,4.0,0,requested,362,0.0358586311340332,0.016300329938530922,0.007168785992948103,0,0.0,nan,0.9584947426674045,0.0358586311340332,0.016252572834491708,0.007156874404559664,2,requested,finite,0.08381456735763648,0.09020475926950747,0.0358586311340332,0.016252572834491708,0.007156874404559664,1,0.03729286044836044,0.03536551259458065,0.03617781475186348,0.03676312431693077,nan,nan,nan,nan,1807,0.1516318380832672,0.07104887352979421,210.51147767624423,figure8,0,nan,nan,nan,nan
0,0.06,6,0.9966795794133924,16.30308572793136,0.5524861878453039,figure8:1,12.500286102294922,6.563825946193026,0.0758582055568695,0.0008453960181213915,0.04244302399456501,0.0437183154374361,0,nan,nan,nan,nan,2,full,6,nan,nan,nan,nan,0.016875471999810543,0.015383074496639892,0.016053400947566843,11.082872928176796,11.082872928176796,0.430939226519337,0.0,0.003320420586607637,nan,0.0005534034311012728,0.011076674604491278,0,FullVirtual,0.026515256289448595,0.0,virtual_asap,raw_ik,0.022915384513730257,4.0,2.0,4.0,0,requested,362,0.05575042963027954,0.011999845504760742,0.005283361912255317,0,0.0,nan,0.8882125069175429,0.12338556349277496,0.033546283654868544,0.014822528597887085,2,requested,finite,0.015229639027396753,0.0,0.12338556349277496,0.033546283654868544,0.014822528597887085,1,0.037123166024684906,0.03524431586265564,0.036389426700770854,0.03679619513452053,nan,nan,nan,nan,1807,0.053629732131958006,0.026447777003591924,213.17604289464595,figure8,0,nan,nan,nan,nan
0,0.06,6,0.9966795794133924,13.105427245630748,0.5391498881431768,figure8:1,12.500286102294922,6.686113004709647,0.0013654519570991397,0.0005261150072328746,0.0008627377857919776,0.0010129565442912282,0,0.010396841913461685,0.009999905712902546,0.010105433408170938,0.010186751466244459,2,full,6,0.06110525503754616,0.04550980031490326,0.051457179710268974,0.05398931801319123,0.020209950998832937,0.016285100995446555,0.018479499201203,11.049217002237137,11.049217002237137,0.37360178970917224,0.0,0.003320420586607637,nan,0.0,0.010574775045429495,0,ThreadedASAP,0.02414367657059967,0.0044742729306487695,threaded_asap,raw_ik,0.022449802999943334,9.0,2.0,4.0,0,requested,447,0.08263444900512695,0.028072969987988472,0.012037419631149855,0,0.0,24.717361450195312,0.7852794687327062,0.08248604834079742,0.028645783755928172,0.012221326296622894,2,requested,finite,0.012705545950061231,0.0,0.08248604834079742,0.028645783755928172,0.012221326296622894,1,0.047543492168188095,0.03739171288907528,0.04180220887064934,0.04365477431565523,0.0003968419914599508,-9.44980982353627e-08,0.00010543324970058165,0.00018675145038287165,1807,0.05454217568039893,0.02610725506088154,212.9957404150229,figure8,0,0.000637884542811662,0.0001765325287124142,0.0002860410051653161,0.00036942839738912897
0,0.0,0,1.0,15.430952905872527,0.5469613259668509,figure8:2,12.500286102294922,6.518112656879132,0.08934319764375687,0.0008348079863935709,0.038622381165623665,0.04405835002660756,0,nan,nan,nan,nan,2,full,0,nan,nan,nan,nan,0.020026380003400845,0.015472795499590575,0.01700336874782806,11.091160220994475,11.091160220994475,0.44751381215469616,0.0,0.0,nan,0.0,0.010121291882463761,0,IdealZeroDelay,0.02061966106392516,0.0,virtual_asap,raw_ik,0.020730484532271352,4.0,2.0,4.0,0,requested,362,0.000643610954284668,8.955001831054674e-05,4.7983444802574145e-05,0,0.0,nan,0.8810182623132263,0.10379867255687714,0.03558168802410341,0.01478652120788796,2,requested,finite,0.015153074641067521,0.0,0.10379867255687714,0.03558168802410341,0.01478652120788796,2,0.05296045541763306,0.035261813551187515,0.04137442968785762,0.04307528112083673,nan,nan,nan,nan,1807,0.050423755496740316,0.02430380776638658,213.02760690049132,figure8,0,nan,nan,nan,nan
0,0.06,6,0.9966795794133924,4.383021910185931,0.3867403314917127,figure8:2,12.500286102294922,7.908292338829359,0.07484489679336548,0.0008353110169991851,0.038335803896188736,0.039032600224018096,0,nan,nan,nan,nan,2,naive_delayed,6,nan,nan,nan,nan,0.017278912997426232,0.015625399000782636,0.016106039597798372,11.511049723756907,11.511049723756907,0.6823204419889503,0.0,0.003320420586607637,nan,0.0,0.09795579095936355,0,NaiveDelayed,0.043172298618987075,0.0,virtual_asap,raw_ik,0.23294723489920616,4.0,2.0,4.0,0,requested,362,0.03427863121032715,0.0122908353805542,0.005917565991451802,0,0.0,nan,0.9507470946319867,0.03427863121032715,0.01229083389043808,0.005907733418625533,2,requested,finite,0.09471432645765875,0.09241837299391256,0.03427863121032715,0.01229083389043808,0.005907733418625533,2,0.03781145066022873,0.03572116978466511,0.036582477018237115,0.03714890234172344,nan,nan,nan,nan,1807,0.13697598129510863,0.06418104967662755,211.77428542926526,figure8,0,nan,nan,nan,nan
0,0.06,6,0.9966795794133924,17.781737508195345,0.5248618784530387,figure8:2,12.500286102294922,6.611054717653716,0.0768042802810669,0.0008432259783148766,0.041614802181720735,0.04289148442447186,0,nan,nan,nan,nan,2,full,6,nan,nan,nan,nan,0.0172709769976791,0.015432176500326023,0.016098067404891482,11.077348066298342,11.077348066298342,0.42265193370165743,0.0,0.003320420586607637,nan,0.0,0.010883875770768625,0,FullVirtual,0.02303068494604723,0.0,virtual_asap,raw_ik,0.024709631490040226,4.0,2.0,4.0,0,requested,362,0.04502701759338379,0.012681059539318085,0.005533704508640843,0,0.0,nan,0.841726618705036,0.13585461676120758,0.04103556275367737,0.018514128085863522,2,requested,finite,0.019707984870321677,0.0,0.13585461676120758,0.04103556275367737,0.018514128085863522,2,0.037388380616903305,0.035115666687488556,0.036153932102024555,0.036718095876276495,nan,nan,nan,nan,1807,0.054084033146500586,0.026834763696223472,213.58019393069785,figure8,0,nan,nan,nan,nan
0,0.06,6,0.9966795794133924,11.501820570975065,0.5359477124183006,figure8:2,12.500286102294922,6.668579850501932,0.0015805179718881845,0.0004672770155593753,0.0008820923103485253,0.0010682929120957852,0,0.010335175320506096,0.009998809080570936,0.010090421419590712,0.01013885047286749,2,full,6,0.055623702704906464,0.04503585398197174,0.048733626306056974,0.04956094354391098,0.019187163998140022,0.01614159299788298,0.016664149300777354,11.047930283224401,11.047930283224401,0.42701525054466233,0.0,0.003320420586607637,nan,0.0,0.010416608739943737,0,ThreadedASAP,0.02428117669858442,0.002178649237472767,threaded_asap,raw_ik,0.023495720698871844,8.0,2.0,4.0,0,requested,459,0.08709625899791718,0.02481263317167759,0.010868029016234449,0,0.0,25.3505916595459,0.7969009407858328,0.0929112434387207,0.025294018536806098,0.011059376185314163,2,requested,finite,0.011166163680817706,0.0005534034311012728,0.0929112434387207,0.025294018536806098,0.011059376185314163,2,0.04452046379446983,0.03664732351899147,0.037406834214925765,0.03801250144839287,0.0003351749910507351,-1.191003093481413e-06,9.042149758897722e-05,0.000138850256917067,1807,0.05606197677552692,0.02612010580137917,213.01988408504133,figure8,0,0.0005744776572100818,0.00015449320198968053,0.00026688794896472244,0.0003139649814693258
0,0.0,0,1.0,17.778938970833856,0.56353591160221,figure8:3,12.500286102294922,6.3482281211283595,0.0731644332408905,0.0008282280177809298,0.0384719479829073,0.04086833372712139,0,nan,nan,nan,nan,2,full,0,nan,nan,nan,nan,0.019808613000350306,0.015419920999192982,0.01603428935195552,11.069060773480663,11.069060773480663,0.47790055248618785,0.0,0.0,nan,0.0,0.010746962945244755,0,IdealZeroDelay,0.022216183768232544,0.0,virtual_asap,raw_ik,0.022514083273113366,4.0,2.0,4.0,0,requested,362,0.0009580850601196289,8.426819331361884e-05,4.8205564818852134e-05,0,0.0,nan,0.9125622578859989,0.1320410519838333,0.0393908467143774,0.017602687418013484,2,requested,finite,0.018503339430383063,0.0,0.1320410519838333,0.0393908467143774,0.017602687418013484,3,0.045743416994810104,0.03511652164161205,0.03764305710792541,0.041668548062443724,nan,nan,nan,nan,1807,0.05431860089302051,0.026314817928986652,213.3076075521766,figure8,0,nan,nan,nan,nan
0,0.06,6,0.9966795794133924,4.362103560882158,0.39502762430939226,figure8:3,12.500286102294922,7.705858877412871,0.07317840307950974,0.0008245140197686851,0.038344770669937134,0.038961239904165265,0,nan,nan,nan,nan,2,naive_delayed,6,nan,nan,nan,nan,0.016542515997571172,0.015559068000584375,0.016125236749940087,11.433701657458563,11.433701657458563,0.6519337016574586,0.0,0.003320420586607637,nan,0.0,0.0831645367058214,0,NaiveDelayed,0.04887909042415454,0.0,virtual_asap,raw_ik,0.1916584702095302,4.0,2.0,4.0,0,requested,362,0.03725624084472656,0.01381736621260643,0.006595609446060993,0,0.0,nan,0.9109020475926951,0.03725624084472656,0.013734656572341894,0.00658465024251249,2,requested,finite,0.07966224007823643,0.045932484781405644,0.03725624084472656,0.013734656572341894,0.00658465024251249,3,0.037660930305719376,0.03556744568049908,0.03656249344348907,0.03686675295233727,nan,nan,nan,nan,1807,0.12437435910105706,0.060056413031844974,211.15735238752129,figure8,0,nan,nan,nan,nan
0,0.06,6,0.9966795794133924,13.828577511084037,0.5359116022099447,figure8:3,12.500286102294922,6.602201963598578,0.07859206199645996,0.0008399980142712593,0.04158928617835045,0.04297167368233204,0,nan,nan,nan,nan,2,full,6,nan,nan,nan,nan,0.019567019000533037,0.015269096998963505,0.015897577548093976,11.091160220994475,11.091160220994475,0.4419889502762431,0.0,0.003320420586607637,nan,0.0,0.010942826230783994,0,FullVirtual,0.023984170927393942,0.0,virtual_asap,raw_ik,0.023809383519621807,4.0,2.0,4.0,0,requested,362,0.04111272096633911,0.012473642826080322,0.005352889983348783,0,0.0,nan,0.8262313226342003,0.10870851576328278,0.02987574264407155,0.014075671766160895,2,requested,finite,0.01457659769719435,0.0,0.10870851576328278,0.02987574264407155,0.014075671766160895,3,0.048097264021635056,0.03481651097536087,0.035957638546824454,0.03646150100976228,nan,nan,nan,nan,1807,0.05928314886987207,0.027339720370099088,213.03739080121338,figure8,0,nan,nan,nan,nan
0,0.06,6,0.9966795794133924,26.624215950316525,0.4725274725274725,figure8:3,12.500286102294922,7.230257730423571,0.0010833860142156482,0.0004612070042639971,0.0009345309925265609,0.0010186789045110345,0,0.010382168926298618,0.009999784640967846,0.010105767520144582,0.010196600900962948,2,full,6,0.05925724655389786,0.04560597613453865,0.04883045423775911,0.04978840377181768,0.030569458001991734,0.01625302200409351,0.016662709301454016,11.03956043956044,11.03956043956044,0.5692307692307692,0.0,0.003320420586607637,nan,0.0,0.016231451572308736,0,ThreadedASAP,0.037103840254620386,0.006593406593406593,threaded_asap,raw_ik,0.03397055033130024,9.0,2.0,4.0,0,requested,455,0.22884419560432434,0.07190388068556786,0.02789048812149333,0,0.0,25.141977310180664,0.93912562257886,0.2290559560060501,0.07194959744811051,0.027944852151276386,2,requested,finite,0.026408013019577403,0.0,0.2290559560060501,0.07194959744811051,0.027944852151276386,3,0.0508592464029789,0.036897528916597366,0.03786999098956585,0.04004877112805843,0.00038216900429688394,-2.1550091844346753e-07,0.00010576724889688194,0.00019660086036310534,1807,0.06501941382884976,0.03492037456349212,214.10030560162573,figure8,0,0.0006483083707280457,0.00016552441229578108,0.00027970666415058073,0.0003786141000455247
0,0.0,0,1.0,22.70821912745884,0.5524861878453039,figure8:4,12.500286102294922,6.539524547763144,0.0727645754814148,0.0008077850216068327,0.0372992243617773,0.03827316172420979,0,nan,nan,nan,nan,2,full,0,nan,nan,nan,nan,0.01680260400098632,0.01498108499981754,0.015526612948087859,11.096685082872929,11.096685082872929,0.494475138121547,0.0,0.0,nan,0.0,0.013551392399959904,0,IdealZeroDelay,0.03153819910273217,0.0,virtual_asap,raw_ik,0.028474723389209613,4.0,2.0,4.0,0,requested,362,0.0007295608520507812,8.02814960479735e-05,4.577335293646564e-05,0,0.0,nan,0.9070282235749861,0.19689561426639557,0.05472051985561841,0.02277382609521303,2,requested,finite,0.021923599743046498,0.0,0.19689561426639557,0.05472051985561841,0.02277382609521303,4,0.03637580946087837,0.034137699753046036,0.03525631576776504,0.03579379234462976,nan,nan,nan,nan,1807,0.06290198490023612,0.030731687500846414,213.84134086491142,figure8,0,nan,nan,nan,nan
0,0.06,6,0.9966795794133924,4.721905787619585,0.27624309392265195,figure8:4,12.500286102294922,7.996464881604911,0.07350753247737885,0.0008055460057221353,0.037529853731393815,0.03831090599298477,0,nan,nan,nan,nan,2,naive_delayed,6,nan,nan,nan,nan,0.01702102299896069,0.015256506500008982,0.015965421649525524,11.486187845303867,11.486187845303867,0.7265193370165746,0.0,0.003320420586607637,nan,0.0,0.08825617632404532,0,NaiveDelayed,0.04490342712186597,0.0,virtual_asap,raw_ik,0.2074902984659534,4.0,2.0,4.0,0,requested,362,0.03483116626739502,0.013226643204689026,0.006364716507335224,0,0.0,nan,0.9584947426674045,0.03483116626739502,0.013226643204689026,0.006354140953354529,2,requested,finite,0.08426107102958008,0.11068068622025456,0.03483116626739502,0.013226643204689026,0.006354140953354529,4,0.0375530943274498,0.03490883484482765,0.03607285562902689,0.03691778637468815,nan,nan,nan,nan,1807,0.14558127671480173,0.06793033311184864,210.3003434345583,figure8,0,nan,nan,nan,nan
0,0.06,6,0.9966795794133924,17.230150015762447,0.5082872928176796,figure8:4,12.500286102294922,6.715489877626338,0.07778066396713257,0.0008506570011377335,0.04207186587154865,0.04313813775777817,0,nan,nan,nan,nan,2,full,6,nan,nan,nan,nan,0.01675496599636972,0.015451721996214474,0.016035380504399656,11.069060773480663,11.069060773480663,0.430939226519337,0.0,0.003320420586607637,nan,0.0,0.010722513761819905,0,FullVirtual,0.02464507034267883,0.0,virtual_asap,raw_ik,0.023830993400371002,4.0,2.0,4.0,0,requested,362,0.04315286874771118,0.011656653136014938,0.004972897520282407,0,0.0,nan,0.866076369673492,0.12360197305679321,0.03365073446184395,0.014286843874600493,2,requested,finite,0.015245281243229212,0.0,0.12360197305679321,0.03365073446184395,0.014286843874600493,4,0.036930151283741,0.03526147082448006,0.03611265867948532,0.0364813219755888,nan,nan,nan,nan,1807,0.05157917551696295,0.02679587527855384,213.35088376226912,figure8,0,nan,nan,nan,nan
0,0.06,6,0.9966795794133924,15.972382780233199,0.5584415584415584,figure8:4,12.500286102294922,6.618043683963383,0.0012472110101953149,0.0004788679943885654,0.000886039895704016,0.0009816367179155353,0,0.010387241840362549,0.010000537615269423,0.010117048164829612,0.010203056875616312,2,full,6,0.05649260804057121,0.04454813152551651,0.048438914120197296,0.050053207576274863,0.02144715299800737,0.01598919300158741,0.016657813201527462,11.056277056277056,11.056277056277056,0.4675324675324675,0.0,0.003320420586607637,nan,0.0,0.011084711316391509,0,ThreadedASAP,0.023439385442945822,0.0021645021645021645,threaded_asap,raw_ik,0.023932586350549036,8.0,2.0,4.0,0,requested,462,0.10829605162143707,0.03810402378439903,0.017064789595668078,0,0.0,25.56658172607422,0.9286109573879358,0.10813945531845093,0.03814018145203585,0.017153607121523494,2,requested,finite,0.01730522545289293,0.0,0.10813945531845093,0.03814018145203585,0.017153607121523494,4,0.04876141995191574,0.036304980516433716,0.03777828440070152,0.0384005106985569,0.0003872420056723058,5.379972662922228e-07,0.00011704799362632912,0.0002030570940405599,1807,0.05754659920930862,0.027679716667540346,213.1691984201153,figure8,0,0.0006394479423761368,0.00014760548947378993,0.0002718516450840979,0.0003448516863863916
0,0.0,0,nan,6.771618449751086,nan,fast_ellipse:0,4.12672758102417,0.7460722829855383,0.0006847860058769584,0.00022070799604989588,0.00023139200056903063,0.0002714060479775077,0,nan,nan,nan,nan,2,full,6,nan,nan,nan,nan,nan,nan,nan,nan,nan,nan,0.0,nan,nan,nan,0.016932322624065736,0,DirectIK,0.044374971678888396,nan,synchronous,raw_ik,0.03881079360640571,nan,nan,nan,0,requested,0,nan,nan,nan,0,0.0,nan,nan,nan,nan,nan,2,requested,finite,nan,nan,nan,nan,nan,0,nan,nan,nan,nan,nan,nan,nan,nan,1507,0.09173670932650566,0.04392514063894601,211.10881220001505,fast_ellipse,0,nan,nan,nan,nan
0,0.0,0,1.0,23.512454027555737,0.5662251655629139,fast_ellipse:0,12.500286102294922,6.433666342105845,0.07299883663654327,0.0008258050074800849,0.038166897371411324,0.038645510002970694,0,nan,nan,nan,nan,2,full,0,nan,nan,nan,nan,0.01704244199936511,0.01544570899932296,0.015790459948584613,11.132450331125828,11.132450331125828,0.47019867549668876,0.0,0.0,nan,0.0,0.014635395577886377,0,IdealZeroDelay,0.047069516227825174,0.0,virtual_asap,raw_ik,0.03151890728510291,4.0,2.0,4.0,0,requested,302,0.0006703734397888184,8.070170879364007e-05,4.5524225811591614e-05,0,0.0,nan,0.8931652289316523,0.1388377845287323,0.05322787389159192,0.021982325497091622,2,requested,finite,0.022653846860641362,0.0,0.1388377845287323,0.05322787389159192,0.021982325497091622,0,0.03685694932937622,0.03514545224606991,0.035839040949940684,0.03611483465880155,nan,nan,nan,nan,1507,0.07476132959127428,0.03595888475933118,212.7744099182877,fast_ellipse,0,nan,nan,nan,nan
0,0.06,6,0.9960185799601858,3.9699883830746807,0.3211920529801324,fast_ellipse:0,12.500286102294922,7.9090979564322454,0.07347831130027771,0.0008071499760262668,0.03783150799572468,0.03842454113066197,0,nan,nan,nan,nan,2,naive_delayed,6,nan,nan,nan,nan,0.016618278001260478,0.01545170700046583,0.016149182452500098,11.609271523178808,11.609271523178808,0.7218543046357616,0.0,0.003981420039814201,nan,0.0,0.09631694069174296,0,NaiveDelayed,0.055816048011440446,0.0,virtual_asap,raw_ik,0.1981134641336528,4.0,2.0,4.0,0,requested,302,0.04381072521209717,0.016442015767097473,0.007274989976419316,0,0.0,nan,0.9343065693430657,0.04381072521209717,0.016418621689081193,0.007260493137085735,2,requested,finite,0.09204093432145316,0.027869940278699403,0.04381072521209717,0.016418621689081193,0.007260493137085735,0,0.03861771151423454,0.03529835119843483,0.036270486749708654,0.0365592447668314,nan,nan,nan,nan,1507,0.1528778553009033,0.07720998621897855,207.87149568400454,fast_ellipse,0,nan,nan,nan,nan
0,0.06,6,0.9960185799601858,16.6357984995301,0.5,fast_ellipse:0,12.500286102294922,6.816411083938415,0.07691260427236557,0.0008498959941789508,0.04143011197447777,0.042679421231150635,0,nan,nan,nan,nan,2,full,6,nan,nan,nan,nan,0.017194274005305488,0.015477398999792058,0.01601053570302611,11.132450331125828,11.132450331125828,0.4602649006622517,0.0,0.003981420039814201,nan,0.0019907100199071004,0.013676922869179932,0,FullVirtual,0.03904222214744014,0.0,virtual_asap,raw_ik,0.02968142822147206,4.0,2.0,4.0,0,requested,302,0.04999995231628418,0.015000343322753906,0.006473261459403141,0,0.0,nan,0.8885202388852024,0.14940354228019714,0.033772028237581235,0.015378825240334237,2,requested,finite,0.015536465474057747,0.0,0.14940354228019714,0.033772028237581235,0.015378825240334237,0,0.037267837673425674,0.035272277891635895,0.036237993463873866,0.03657722216099501,nan,nan,nan,nan,1507,0.06800038069486619,0.033405280006765854,211.6898597157112,fast_ellipse,0,nan,nan,nan,nan
0,0.06,6,0.9960185799601858,20.268026991838823,0.5348837209302325,fast_ellipse:0,12.500286102294922,6.704290389040931,0.0037579669151455164,0.0004606200091075152,0.0008454017224721612,0.001149050323292614,0,0.010357514955103397,0.009998292662203312,0.010084230918437243,0.010131206084042787,2,full,6,0.05494141951203346,0.044072458520531654,0.04867566376924515,0.04936853758990764,0.02145187199494103,0.015873056996497326,0.016402460700192023,11.11111111111111,11.11111111111111,0.4754521963824289,0.0,0.003981420039814201,nan,0.0,0.012435754026055163,0,ThreadedASAP,0.03349854963910432,0.0,threaded_asap,raw_ik,0.027051854078601223,4.0,2.0,4.0,0,requested,387,0.09728468954563141,0.0438753142952919,0.018316304020707413,0,0.0,25.635520935058594,0.8732581287325812,0.09721024334430695,0.043916005641221965,0.018398578177270378,2,requested,finite,0.019074774726979524,0.0,0.09721024334430695,0.043916005641221965,0.018398578177270378,0,0.048887770622968674,0.036145441234111786,0.037224285304546356,0.03884643688797951,0.00035751500399783254,-1.7069994555640733e-06,8.423074905294925e-05,0.00013120620424160735,1507,0.060151441395282744,0.03073704968438436,212.00592554638476,fast_ellipse,0,0.000563722220249474,0.00016430564573965967,0.00025642330874688926,0.00031191338261123776
0,0.0,0,1.0,22.854201755431802,0.5264900662251656,fast_ellipse:1,12.500286102294922,6.55949629072163,0.07267196476459503,0.0008162939921021461,0.03740648776292801,0.0379450237005949,0,nan,nan,nan,nan,2,full,0,nan,nan,nan,nan,0.016405138001573505,0.015187171000434319,0.015613996751017111,11.119205298013245,11.119205298013245,0.4867549668874172,0.0,0.0,nan,0.0,0.012340009213062211,0,IdealZeroDelay,0.030650090315118266,0.0,virtual_asap,raw_ik,0.025823466132699542,4.0,2.0,4.0,0,requested,302,0.0006333589553833008,8.058270577748758e-05,4.482332646194467e-05,0,0.0,nan,0.9309887193098872,0.12329262495040894,0.04511634781956672,0.019270619392476346,2,requested,finite,0.02089708573067452,0.0,0.12329262495040894,0.04511634781956672,0.019270619392476346,1,0.036648690700531006,0.034558532759547234,0.03546587787568569,0.03600151836872101,nan,nan,nan,nan,1507,0.05639193020761013,0.029227946333558595,212.34006010709157,fast_ellipse,0,nan,nan,nan,nan
0,0.06,6,0.9960185799601858,4.72933520383963,0.26158940397350994,fast_ellipse:1,12.500286102294922,8.01529623827242,0.07443553954362869,0.0008177279960364103,0.038203803822398186,0.03866118498146534,0,nan,nan,nan,nan,2,naive_delayed,6,nan,nan,nan,nan,0.017404160000296542,0.015629161500328337,0.016246065152336085,11.619205298013245,11.619205298013245,0.7317880794701986,0.0,0.003981420039814201,nan,0.0,0.09992279682380248,0,NaiveDelayed,0.0568513626049181,0.0,virtual_asap,raw_ik,0.2230798459151434,4.0,2.0,4.0,0,requested,302,0.034773945808410645,0.013356015086174011,0.006481099583128399,0,0.0,nan,0.9422694094226941,0.034773945808410645,0.01334238052368164,0.006468184725559371,2,requested,finite,0.09561460961512933,0.11678832116788321,0.034773945808410645,0.01334238052368164,0.006468184725559371,1,0.03767196461558342,0.03572597727179527,0.0365309726446867,0.03708482410758734,nan,nan,nan,nan,1507,0.14819300025701523,0.07569134843333561,209.08740446907117,fast_ellipse,0,nan,nan,nan,nan
0,0.06,6,0.9960185799601858,19.171221524890967,0.48013245033112584,fast_ellipse:1,12.500286102294922,6.874230626039843,0.07662723958492279,0.0008498299866914749,0.0416093684732914,0.04288830898702145,0,nan,nan,nan,nan,2,full,6,nan,nan,nan,nan,0.016856091002409812,0.015598282003338682,0.01615456994586566,11.155629139072847,11.155629139072847,0.46688741721854304,0.0,0.003981420039814201,nan,0.0,0.013602961410973658,0,FullVirtual,0.03758228177536581,0.0,virtual_asap,raw_ik,0.03018096416876946,4.0,2.0,4.0,0,requested,302,0.04459753632545471,0.014263246208429337,0.006098004261220802,0,0.0,nan,0.927007299270073,0.10597452521324158,0.04352580383419987,0.01817950381426848,2,requested,finite,0.018935412742557,0.0,0.10597452521324158,0.04352580383419987,0.01817950381426848,1,0.03733208775520325,0.03545517660677433,0.03643893487751484,0.03677593793720007,nan,nan,nan,nan,1507,0.06146770305931568,0.03297616378560032,211.9094513640162,fast_ellipse,0,nan,nan,nan,nan
0,0.06,6,0.9960185799601858,20.489521461721225,0.4960835509138381,fast_ellipse:1,12.500286102294922,7.009527113662328,0.001605179044418037,0.0004732309898827225,0.0010179913137108088,0.0012349459505639972,0,0.010409068316221237,0.009999367874115705,0.010104632237926126,0.010200585424900056,2,full,6,0.052856605499982834,0.04470326006412506,0.04889378696680069,0.05057744979858398,0.017726839003444184,0.0161074740026379,0.016933796799276025,11.117493472584856,11.117493472584856,0.4960835509138381,0.0,0.003981420039814201,nan,0.0,0.014595052674967914,0,ThreadedASAP,0.04199954068390877,0.0,threaded_asap,raw_ik,0.03160434892379163,5.0,2.0,4.0,0,requested,383,0.11599459499120712,0.046974170953035355,0.02014634367044881,0,0.0,25.376874923706055,0.9197080291970803,0.11604411900043488,0.04695205092430105,0.020230003017296688,2,requested,finite,0.02035703927600312,0.0,0.11604411900043488,0.04695205092430105,0.020230003017296688,1,0.04622899740934372,0.03651260957121849,0.03799561783671379,0.03868082612752914,0.0004090679867658764,-6.319985459413147e-07,0.00010463224680279382,0.00020058500376762887,1507,0.07334766983985903,0.035727077781760846,212.13059346310874,fast_ellipse,0,0.0005768727278336883,0.00014927212032489479,0.0002780424081720412,0.0003738891350803903
0,0.0,0,1.0,43.73795991909119,0.4503311258278146,fast_ellipse:2,12.500286102294922,7.125783313970617,0.07167385518550873,0.0008242020267061889,0.03788020983338356,0.038437846675515176,0,nan,nan,nan,nan,2,full,0,nan,nan,nan,nan,0.017196041000715923,0.015387742500024615,0.015620061251502193,11.165562913907285,11.165562913907285,0.5993377483443708,0.0,0.0,nan,0.0,0.01839427546266325,0,IdealZeroDelay,0.05129156481784168,0.0,virtual_asap,raw_ik,0.04000750141968852,4.0,2.0,4.0,0,requested,302,0.000738680362701416,8.444529958069319e-05,4.481566574354878e-05,0,0.0,nan,0.9349701393497014,0.19155322015285492,0.09032387547194952,0.035954947743375196,2,requested,finite,0.03475035576750856,0.0,0.19155322015285492,0.09032387547194952,0.035954947743375196,2,0.037664223462343216,0.0350737739354372,0.03560022711753845,0.03600755054503679,nan,nan,nan,nan,1507,0.08460597395896914,0.04397941799708891,216.18884358533052,fast_ellipse,0,nan,nan,nan,nan
0,0.06,6,0.9960185799601858,4.862556666434512,0.31125827814569534,fast_ellipse:2,12.500286102294922,7.997577606234157,0.0774674117565155,0.0008026509894989431,0.03740118108689785,0.03812043868005276,0,nan,nan,nan,nan,2,naive_delayed,6,nan,nan,nan,nan,0.01699233399995137,0.015266017999238102,0.015981156151428876,11.609271523178808,11.609271523178808,0.7350993377483444,0.0,0.003981420039814201,nan,0.0,0.10786773873251722,0,NaiveDelayed,0.05706635912302031,0.0,virtual_asap,raw_ik,0.23196756034333438,4.0,2.0,4.0,0,requested,302,0.03386974334716797,0.012431938201189041,0.006096540290898587,0,0.0,nan,0.9376244193762442,0.03386974334716797,0.012431919574737549,0.006084391742876619,2,requested,finite,0.10423349162148286,0.0676841406768414,0.03386974334716797,0.012431919574737549,0.006084391742876619,2,0.03685426339507103,0.03491630218923092,0.03595675695687532,0.03656479392200709,nan,nan,nan,nan,1507,0.12734003812074662,0.06425028024048306,208.68352427641832,fast_ellipse,0,nan,nan,nan,nan
0,0.06,6,0.9960185799601858,21.564811781529936,0.5033112582781457,fast_ellipse:2,12.500286102294922,6.875676874056761,0.07596731930971146,0.0008460570243187249,0.0411509707570076,0.041887740120291714,0,nan,nan,nan,nan,2,full,6,nan,nan,nan,nan,0.01673482800106285,0.015454309497727081,0.01610539949651866,11.172185430463577,11.172185430463577,0.4602649006622517,0.0,0.003981420039814201,nan,0.003981420039814201,0.014585496720209947,0,FullVirtual,0.046284558564426044,0.0,virtual_asap,raw_ik,0.032204034527535515,4.0,2.0,4.0,0,requested,302,0.059999942779541016,0.013593398034572601,0.005981442559141176,0,0.0,nan,0.8958195089581951,0.12215595692396164,0.04622328802943207,0.02011133919824879,2,requested,finite,0.02078596429785165,0.0,0.12215595692396164,0.04622328802943207,0.02011133919824879,2,0.0372081957757473,0.03520284779369831,0.0364049181342125,0.03689566381275654,nan,nan,nan,nan,1507,0.07295161187648777,0.035942728670470256,212.2530548773334,fast_ellipse,0,nan,nan,nan,nan
0,0.06,6,0.9960185799601858,21.671121122651183,0.46578947368421053,fast_ellipse:2,12.500286102294922,7.079189007876529,0.0011310549452900887,0.0004386850050650537,0.0006363794091157615,0.0008567501907236887,0,0.010341113433241844,0.009999257512390614,0.010060358792543411,0.010159993404522538,2,full,6,0.059440650045871735,0.044799789786338806,0.04960509575903416,0.0507698418945074,0.020104964001802728,0.01612308350013336,0.01667350759744295,11.102631578947369,11.102631578947369,0.5394736842105263,0.0,0.003981420039814201,nan,0.0,0.014452899273595207,0,ThreadedASAP,0.03863420865779659,0.002631578947368421,threaded_asap,raw_ik,0.03079381185958554,9.0,2.0,4.0,0,requested,380,0.17684292793273926,0.046076804399490356,0.01995245780664306,0,0.0,25.202939987182617,0.9223623092236231,0.17693856358528137,0.045865843817591664,0.02003777019402319,2,requested,finite,0.019960300132148508,0.0,0.17693856358528137,0.045865843817591664,0.02003777019402319,2,0.047823768109083176,0.037003178149461746,0.0380636602640152,0.03836688108742237,0.00034111301647499204,-7.425021522067254e-07,6.035850128682796e-05,0.00015999319803086144,1507,0.06686534211039544,0.034437550862080606,212.11940809565127,fast_ellipse,0,0.00046386171015910804,0.00012059331493219361,0.0002032215488725342,0.00029840323841199325
0,0.0,0,1.0,21.54866973932504,0.5132450331125827,fast_ellipse:3,12.500286102294922,6.774207231492754,0.07350557297468185,0.0008092959760688245,0.037159955874085424,0.037826661169528965,0,nan,nan,nan,nan,2,full,0,nan,nan,nan,nan,0.016478773999551777,0.0150094029995671,0.015452994747465709,11.135761589403973,11.135761589403973,0.48344370860927155,0.0,0.0,nan,0.0,0.011832283749753468,0,IdealZeroDelay,0.031088283521535,0.0,virtual_asap,raw_ik,0.02508602963004218,4.0,2.0,4.0,0,requested,302,0.0007206201553344727,7.69969075918195e-05,4.234038270340105e-05,0,0.0,nan,0.8460517584605176,0.10217399150133133,0.04556056167930365,0.018594971917673356,2,requested,finite,0.019772090404978227,0.0,0.10217399150133133,0.04556056167930365,0.018594971917673356,3,0.03602416068315506,0.03421201929450035,0.035325282253324986,0.0357696221396327,nan,nan,nan,nan,1507,0.052414026856422435,0.02846023432184515,212.57533235231324,fast_ellipse,0,nan,nan,nan,nan
0,0.06,6,0.9960185799601858,4.675260170554361,0.2947019867549669,fast_ellipse:3,12.500286102294922,7.816091227501446,0.07582664489746094,0.000807879026979208,0.038118600472807886,0.03866472043097019,0,nan,nan,nan,nan,2,naive_delayed,6,nan,nan,nan,nan,0.016906208998989314,0.015487771499465453,0.01601402680062165,11.5,11.5,0.6721854304635762,0.0,0.003981420039814201,nan,0.0,0.08544072366236179,0,NaiveDelayed,0.0583367845476267,0.0,virtual_asap,raw_ik,0.20955457884701267,4.0,2.0,4.0,0,requested,302,0.03313744068145752,0.017029661685228348,0.007149734423643436,0,0.0,nan,0.9130723291307233,0.03313744068145752,0.016911137104034364,0.0071354871804783886,2,requested,finite,0.08114036115751122,0.08294625082946251,0.03313744068145752,0.016911137104034364,0.0071354871804783886,3,0.037560563534498215,0.03532566502690315,0.03619154319167137,0.03675600528717041,nan,nan,nan,nan,1507,0.14631866216659548,0.07185330334005825,210.37063275636754,fast_ellipse,0,nan,nan,nan,nan
0,0.06,6,0.9960185799601858,22.538307951193033,0.4867549668874172,fast_ellipse:3,12.500286102294922,6.924985598546336,0.07497874647378922,0.0008246829966083169,0.0405948031693697,0.04157161556184292,0,nan,nan,nan,nan,2,full,6,nan,nan,nan,nan,0.017294606994255446,0.015081541998370085,0.015671588302575402,11.152317880794701,11.152317880794701,0.5264900662251656,0.0,0.003981420039814201,nan,0.0,0.013629189609310598,0,FullVirtual,0.03530165949924083,0.0,virtual_asap,raw_ik,0.030669048895980138,4.0,2.0,4.0,0,requested,302,0.044999897480010986,0.014522411860525608,0.006098012535465714,0,0.0,nan,0.9389515593895156,0.1305679827928543,0.05691172815859315,0.02297752446091456,2,requested,finite,0.023818486501184732,0.0,0.1305679827928543,0.05691172815859315,0.02297752446091456,3,0.040053125470876694,0.03441495634615421,0.03548646885901689,0.0360048571228981,nan,nan,nan,nan,1507,0.0655374214053154,0.03346356893275708,212.3807486205536,fast_ellipse,0,nan,nan,nan,nan
0,0.06,6,0.9960185799601858,17.349147819539883,0.4621409921671018,fast_ellipse:3,12.500286102294922,6.9413436231495345,0.0013441590126603842,0.00046855799155309796,0.0008822545059956611,0.0010453722276724876,0,0.010273689404129982,0.009999583940953016,0.010093698278069496,0.010143249295651913,2,full,6,0.0510345920920372,0.04426728002727032,0.04856518507003784,0.04933430630713701,0.017366570995363872,0.016100603999802843,0.01673268470040057,11.12532637075718,11.12532637075718,0.47780678851174935,0.0,0.003981420039814201,nan,0.0,0.0123388042976776,0,ThreadedASAP,0.034569159222611744,0.0,threaded_asap,raw_ik,0.02687239060067946,5.0,2.0,4.0,0,requested,383,0.0938965231180191,0.03602217044681311,0.015421421946217952,0,0.0,25.39603042602539,0.9017916390179164,0.09381493926048279,0.03621875010430812,0.015538600014535322,2,requested,finite,0.016142433002803002,0.0,0.09381493926048279,0.03621875010430812,0.015538600014535322,3,0.03960232436656952,0.036565616726875305,0.03779176399111748,0.0383490339666605,0.0002736890164669603,-4.160044682066655e-07,9.369799954583868e-05,0.00014324935109470973,1507,0.059656043350696575,0.030356055868889783,211.98086677324193,fast_ellipse,0,0.0004977278294973075,0.0001569832384120673,0.00026266098429914567,0.0003219040471594782
0,0.0,0,1.0,27.299453004015234,0.49337748344370863,fast_ellipse:4,12.500286102294922,6.854521032982281,0.07394398003816605,0.000836346996948123,0.038521052524447444,0.03910165682435036,0,nan,nan,nan,nan,2,full,0,nan,nan,nan,nan,0.03803496500040637,0.015559106999717187,0.016022542248174433,11.175496688741722,11.175496688741722,0.5364238410596026,0.0,0.0,nan,0.0,0.015184228799474639,0,IdealZeroDelay,0.04568085017502584,0.0,virtual_asap,raw_ik,0.031511525939085856,4.0,2.0,4.0,0,requested,302,0.0008028745651245117,8.28955322504042e-05,4.728301826973385e-05,0,0.0,nan,0.8984737889847378,0.16964443027973175,0.06374119594693184,0.025905157821224073,2,requested,finite,0.026018267226448788,0.0,0.16964443027973175,0.06374119594693184,0.025905157821224073,4,0.05978287383913994,0.03544534370303154,0.03659888654947281,0.037180797159671784,nan,nan,nan,nan,1507,0.07590626552700996,0.03583689680755012,213.23890496568583,fast_ellipse,0,nan,nan,nan,nan
0,0.06,6,0.9960185799601858,4.251706577143004,0.32450331125827814,fast_ellipse:4,12.500286102294922,8.03904739685765,0.07439026981592178,0.0008030679891817272,0.03732404038310051,0.03834672190248966,0,nan,nan,nan,nan,2,naive_delayed,6,nan,nan,nan,nan,0.01655417199799558,0.015266118998624734,0.01587634764964605,11.602649006622517,11.602649006622517,0.7417218543046358,0.0,0.003981420039814201,nan,0.0,0.10142439301019207,0,NaiveDelayed,0.054456463079244184,0.0,virtual_asap,raw_ik,0.21941293565483125,4.0,2.0,4.0,0,requested,302,0.0362316370010376,0.013731122016906738,0.0065665631620892275,0,0.0,nan,0.9482415394824154,0.0362316370010376,0.013731122016906738,0.0065534780016363375,2,requested,finite,0.09756866710131125,0.06901128069011281,0.0362316370010376,0.013731122016906738,0.0065534780016363375,4,0.037885718047618866,0.03488650359213352,0.035884999483823773,0.0363866975530982,nan,nan,nan,nan,1507,0.16204458326101304,0.08053989539232285,208.7903767673547,fast_ellipse,0,nan,nan,nan,nan
0,0.06,6,0.9960185799601858,19.148797874887297,0.4768211920529801,fast_ellipse:4,12.500286102294922,6.815491566785257,0.07728945463895798,0.0008442630060017109,0.0414106547832489,0.04226641029119491,0,nan,nan,nan,nan,2,full,6,nan,nan,nan,nan,0.01736920900293626,0.015518577001785161,0.016152538447568077,11.142384105960264,11.142384105960264,0.4304635761589404,0.0,0.003981420039814201,nan,0.0033178500331785005,0.013323126926123668,0,FullVirtual,0.039194335206334495,0.0,virtual_asap,raw_ik,0.03026930206566016,4.0,2.0,4.0,0,requested,302,0.07499992847442627,0.014594044536352158,0.00616629854853105,0,0.0,nan,0.9197080291970803,0.1075897216796875,0.04414872303605079,0.018520066048462337,2,requested,finite,0.01962071396108269,0.0,0.1075897216796875,0.04414872303605079,0.018520066048462337,4,0.037000205367803574,0.03537569381296635,0.03641944918781519,0.03676967956125736,nan,nan,nan,nan,1507,0.06138110980391503,0.03278666531618635,211.90755718247507,fast_ellipse,0,nan,nan,nan,nan
0,0.06,6,0.9960185799601858,22.221655046624388,0.5077720207253886,fast_ellipse:4,12.500286102294922,6.901222943728534,0.0012629800476133823,0.00045929799671284854,0.000849917012965307,0.0011263061244972056,0,0.010594777762889862,0.009999447967857122,0.010084627894684672,0.010124435508623719,2,full,6,0.05306939408183098,0.044280003756284714,0.04830353856086731,0.048940068334341044,0.024009248001675587,0.015970635999110527,0.016542536748602288,11.093264248704664,11.093264248704664,0.5259067357512953,0.0,0.003981420039814201,nan,0.0,0.014081293666426666,0,ThreadedASAP,0.03479658153169306,0.0,threaded_asap,raw_ik,0.030300395413989982,4.0,2.0,4.0,0,requested,386,0.11818982660770416,0.053086704574525356,0.021269645751838043,0,0.0,25.597055435180664,0.9011280690112807,0.11816397309303284,0.05304962042719126,0.02137228088270224,2,requested,finite,0.021575898717607234,0.0,0.11816397309303284,0.05304962042719126,0.02137228088270224,4,0.04542557895183563,0.03630257770419121,0.037262752652168274,0.037638119310140605,0.00059477798640728,-5.519993919733679e-07,8.462774894724134e-05,0.0001244355520611864,1507,0.06448494866490365,0.033329676054252404,212.18547171186958,fast_ellipse,0,0.0007291332585737109,0.0001580350799486041,0.00025146496773231775,0.0002845470549073071
0,0.0,0,nan,4.688524388112917,nan,rounded_square:0,4.372596740722656,0.592301405259407,0.0023745358921587467,0.000222454997128807,0.00023548449971713125,0.0002728814881993458,0,nan,nan,nan,nan,2,full,6,nan,nan,nan,nan,nan,nan,nan,nan,nan,nan,0.0,nan,nan,nan,0.01292452015919658,0,DirectIK,0.024409008092062295,nan,synchronous,raw_ik,0.031603160795969774,nan,nan,nan,0,requested,0,nan,nan,nan,0,0.0,nan,nan,nan,nan,nan,2,requested,finite,nan,nan,nan,nan,nan,0,nan,nan,nan,nan,nan,nan,nan,nan,1807,0.08893415108323095,0.03499904026391749,211.6700152100951,rounded_square,0,nan,nan,nan,nan
0,0.0,0,1.0,15.26237027328831,0.5718232044198895,rounded_square:0,12.500286102294922,6.142803820235147,0.07352706789970398,0.0008211829699575901,0.03782237060368061,0.03836780220270157,0,nan,nan,nan,nan,2,full,0,nan,nan,nan,nan,0.0166940759991121,0.01529718049823714,0.015614997299780952,11.116022099447514,11.116022099447514,0.3839779005524862,0.0,0.0,nan,0.0,0.010035513740290396,0,IdealZeroDelay,0.01643377289150817,0.0,virtual_asap,raw_ik,0.021167405213262835,4.0,2.0,4.0,0,requested,362,0.0007078647613525391,8.14199447631836e-05,4.490306468496411e-05,0,0.0,nan,0.8168234643054787,0.11831378936767578,0.03702148608863348,0.01648477301364988,2,requested,finite,0.016975524953442497,0.0,0.11831378936767578,0.03702148608863348,0.01648477301364988,0,0.03672945499420166,0.034884966909885406,0.03553845845162869,0.03619409497827291,nan,nan,nan,nan,1807,0.05393392518162726,0.024078270012682854,212.20674234016477,rounded_square,0,nan,nan,nan,nan
0,0.06,6,0.9966795794133924,4.288702938333227,0.4116022099447514,rounded_square:0,12.500286102294922,7.828421088915412,0.07148422300815582,0.0007976469933055341,0.03742720521986485,0.03852096930146218,0,nan,nan,nan,nan,2,naive_delayed,6,nan,nan,nan,nan,0.016418315000919392,0.015146035000725533,0.015775575251791452,11.475138121546962,11.475138121546962,0.6823204419889503,0.0,0.003320420586607637,nan,0.0,0.11224249773476198,0,NaiveDelayed,0.03946227014986226,0.0,virtual_asap,raw_ik,0.2550628107156275,4.0,2.0,4.0,0,requested,362,0.0367351770401001,0.013195127248764038,0.005984416053396026,0,0.0,nan,0.9308245711123408,0.0367351770401001,0.013195127248764038,0.005974472403126184,2,requested,finite,0.10947751661042622,0.0774764803541782,0.0367351770401001,0.013195127248764038,0.005974472403126184,0,0.036782875657081604,0.034697026014328,0.03577094692736864,0.036141683384776115,nan,nan,nan,nan,1807,0.15985898822546005,0.07019426588551551,208.35293015851988,rounded_square,0,nan,nan,nan,nan
0,0.06,6,0.9966795794133924,16.976181871705542,0.4972375690607735,rounded_square:0,12.500286102294922,6.619385947562625,0.07805024832487106,0.0008337739855051041,0.041293349117040634,0.04243963323533535,0,nan,nan,nan,nan,2,full,6,nan,nan,nan,nan,0.017936440999619663,0.015283432501746574,0.015957214196168933,11.129834254143647,11.129834254143647,0.4613259668508287,0.0,0.003320420586607637,nan,0.0011068068622025456,0.01059476355812489,0,FullVirtual,0.017622318958895735,0.0,virtual_asap,raw_ik,0.023386349521863387,4.0,2.0,4.0,0,requested,362,0.05029261112213135,0.011999845504760742,0.005290017669324159,0,0.0,nan,0.8151632540121748,0.10112606734037399,0.03852637913078059,0.0159485627965601,2,requested,finite,0.015854003392764292,0.0,0.10112606734037399,0.03852637913078059,0.0159485627965601,0,0.03805875778198242,0.03485451452434063,0.03606467004865408,0.036554695665836336,nan,nan,nan,nan,1807,0.059434304386377326,0.025369962301241094,212.4655054734948,rounded_square,0,nan,nan,nan,nan
0,0.06,6,0.9966795794133924,12.791391086197043,0.5726681127982647,rounded_square:0,12.500286102294922,6.494716675438575,0.001148864976130426,0.000466169003630057,0.0009088168211746954,0.0010607106029056014,0,0.011336044408380985,0.009999293368309736,0.0100979118142277,0.010161577537655831,2,full,6,0.05389448255300522,0.04470733180642128,0.04869355130940676,0.04940788324922323,0.021079607999126893,0.016060116002336144,0.016537850999156944,11.041214750542299,11.041214750542299,0.43383947939262474,0.0,0.003320420586607637,nan,0.0005534034311012728,0.009460099470000597,0,ThreadedASAP,0.018832534629693313,0.0,threaded_asap,raw_ik,0.020803592565176575,5.0,2.0,4.0,0,requested,461,0.08071265369653702,0.027972159907221794,0.011591912045267142,0,0.0,25.476924896240234,0.7991145545102379,0.08056329190731049,0.028241741657257024,0.011692832711681818,2,requested,finite,0.011591946761016254,0.0,0.08056329190731049,0.028241741657257024,0.011692832711681818,0,0.041421905159950256,0.03648039512336254,0.037341346777975556,0.03831247523427009,0.001336044049821794,-7.069991170283174e-07,9.791199772735126e-05,0.0001615779045096137,1807,0.052052422240376456,0.02371334937860252,212.067031443546,rounded_square,0,0.0015724020777270198,0.00016033646534197032,0.0002647310495376586,0.00032622660975903286
0,0.0,0,1.0,22.433198106585863,0.5552486187845304,rounded_square:1,12.500286102294922,6.315278102926451,0.07153961062431335,0.0008247189689427614,0.038043825328350066,0.039127941206097604,0,nan,nan,nan,nan,2,full,0,nan,nan,nan,nan,0.01689189699754934,0.015311994500734727,0.01578365664718149,11.091160220994475,11.091160220994475,0.4613259668508287,0.0,0.0,nan,0.0,0.010452294579668085,0,IdealZeroDelay,0.021093071030106793,0.0,virtual_asap,raw_ik,0.023088871091018034,4.0,2.0,4.0,0,requested,362,0.0006635785102844238,7.956624031066882e-05,4.184340531009122e-05,0,0.0,nan,0.8738240177089098,0.12769006192684174,0.054850749298930156,0.02086780117102917,2,requested,finite,0.02138736273015776,0.0,0.12769006192684174,0.054850749298930156,0.02086780117102917,1,0.03823930770158768,0.034832507371902466,0.035914679430425166,0.03689571436494589,nan,nan,nan,nan,1807,0.05507622584700584,0.026265585204184268,212.6973342726822,rounded_square,0,nan,nan,nan,nan
0,0.06,6,0.9966795794133924,4.433556278081214,0.31215469613259667,rounded_square:1,12.500286102294922,7.740642620316905,0.07497290521860123,0.0008171499939635396,0.037930057570338245,0.03847240597009659,0,nan,nan,nan,nan,2,naive_delayed,6,nan,nan,nan,nan,0.017638772002101177,0.015458829000635887,0.015999274149180565,11.397790055248619,11.397790055248619,0.6961325966850829,0.0,0.003320420586607637,nan,0.0,0.09098267387653064,0,NaiveDelayed,0.040537918721192535,0.0,virtual_asap,raw_ik,0.21089401268312438,4.0,2.0,4.0,0,requested,362,0.036532044410705566,0.013090968132019043,0.006243111773958261,0,0.0,nan,0.9286109573879358,0.036532044410705566,0.013090968132019043,0.0062327382772759,2,requested,finite,0.08763119183110255,0.1283895960154953,0.036532044410705566,0.013090968132019043,0.0062327382772759,1,0.03741470351815224,0.03523458167910576,0.03649041708558798,0.0369559321179986,nan,nan,nan,nan,1807,0.14365320503711695,0.06300404822190266,209.99317536281262,rounded_square,0,nan,nan,nan,nan
0,0.06,6,0.9966795794133924,10.597549379782864,0.5469613259668509,rounded_square:1,12.500286102294922,6.333215695863409,0.07403919100761414,0.0008578010019846261,0.04220895916223526,0.04345266304910183,0,nan,nan,nan,nan,2,full,6,nan,nan,nan,nan,0.01733382899692515,0.015518412998062558,0.016161641747748944,11.099447513812155,11.099447513812155,0.34806629834254144,0.0,0.003320420586607637,nan,0.0016602102933038186,0.008851857009106904,0,FullVirtual,0.017521957036948803,0.0,virtual_asap,raw_ik,0.019217420505648213,4.0,2.0,4.0,0,requested,362,0.062499940395355225,0.012322413735091686,0.005231370789408857,0,0.0,nan,0.7576092971776425,0.08254269510507584,0.021767585724592194,0.009731725380131995,2,requested,finite,0.01061791805856414,0.0,0.08254269510507584,0.021767585724592194,0.009731725380131995,1,0.03775639086961746,0.03544440120458603,0.03642510566860437,0.036916386596858496,nan,nan,nan,nan,1807,0.05529639944434163,0.022575948634549613,211.83558220010315,rounded_square,0,nan,nan,nan,nan
0,0.06,6,0.9966795794133924,16.360773969669907,0.5557986870897156,rounded_square:1,12.500286102294922,6.461811893137165,0.0010671409545466304,0.00045433599734678864,0.0008071045856922862,0.0009126789250876755,0,0.010421255603432655,0.009999113157391548,0.010099217994138598,0.010147743485867977,2,full,6,0.05554547533392906,0.044849906116724014,0.04886069521307945,0.04982226267457008,0.025357802005601116,0.016275743997539394,0.016704448401287663,11.061269146608316,11.061269146608316,0.40919037199124725,0.0,0.003320420586607637,nan,0.0,0.010339714173847183,0,ThreadedASAP,0.021964944242099924,0.002188183807439825,threaded_asap,raw_ik,0.022687975099524926,9.0,2.0,4.0,0,requested,457,0.11220765858888626,0.04293312691152096,0.01759310765865091,0,0.0,25.277055740356445,0.8306585500830105,0.11219865083694458,0.04279625304043288,0.017631251698543595,2,requested,finite,0.017683962820391034,0.0,0.11219865083694458,0.04279625304043288,0.017631251698543595,1,0.04598093032836914,0.036797525361180305,0.03779423516243696,0.03818816523998975,0.000421256001573056,-8.869990324456012e-07,9.921799937728792e-05,0.0001477436031564139,1807,0.05521052740514275,0.02627189297387444,212.44691208918246,rounded_square,0,0.0005666454671882093,0.0001312253880314529,0.0002462647622451186,0.0003083021542988719
0,0.0,0,1.0,12.160159253824757,0.5414364640883977,rounded_square:2,12.500286102294922,6.292288678640401,0.07369878143072128,0.000829547003377229,0.038474795967340464,0.038951204344630244,0,nan,nan,nan,nan,2,full,0,nan,nan,nan,nan,0.01601347000178066,0.01540761750038655,0.015775600898632548,11.107734806629834,11.107734806629834,0.3784530386740331,0.0,0.0,nan,0.0,0.008502843547649498,0,IdealZeroDelay,0.016508763577595804,0.0,virtual_asap,raw_ik,0.017948138360028513,4.0,2.0,4.0,0,requested,362,0.0006993412971496582,8.642077445983874e-05,4.3834102717859955e-05,0,0.0,nan,0.8223574986164914,0.07398097217082977,0.025971354544162724,0.010764733034044504,2,requested,finite,0.011796553372733082,0.0,0.07398097217082977,0.025971354544162724,0.010764733034044504,2,0.03624213859438896,0.03517236188054085,0.03590030372142792,0.03611393589526415,nan,nan,nan,nan,1807,0.049475559592247004,0.02100674836012593,211.9803984274064,rounded_square,0,nan,nan,nan,nan
0,0.06,6,0.9966795794133924,4.1601517920121465,0.3674033149171271,rounded_square:2,12.500286102294922,7.658197191147474,0.07435242086648941,0.0008479729876853526,0.038820761069655416,0.03971516273915768,0,nan,nan,nan,nan,2,naive_delayed,6,nan,nan,nan,nan,0.03302738999991561,0.01573009549974813,0.016391100998589536,11.298342541436464,11.298342541436464,0.6519337016574586,0.0,0.003320420586607637,nan,0.0,0.07761439310651762,0,NaiveDelayed,0.04359431380451308,0.0,virtual_asap,raw_ik,0.18492816726858138,4.0,2.0,4.0,0,requested,362,0.03289040923118591,0.013437926769256592,0.00625399405154541,0,0.0,nan,0.9153292750415053,0.03289040923118591,0.013437867164611816,0.006243602472971432,2,requested,finite,0.07414465313506555,0.06585500830105147,0.03289040923118591,0.013437867164611816,0.006243602472971432,2,0.05816556513309479,0.03598175756633282,0.037200491316616534,0.037754076980054375,nan,nan,nan,nan,1807,0.13255374133586872,0.05984186585875084,212.54341130209392,rounded_square,0,nan,nan,nan,nan
0,0.06,6,0.9966795794133924,11.794336742335798,0.5220994475138122,rounded_square:2,12.500286102294922,6.484842684245183,0.07710441946983337,0.0008500870317220688,0.04170435220003128,0.04270010203123093,0,nan,nan,nan,nan,2,full,6,nan,nan,nan,nan,0.01725873399846023,0.015377416500996333,0.016118127646768697,11.121546961325967,11.121546961325967,0.3812154696132597,0.0,0.003320420586607637,nan,0.0011068068622025456,0.009754251217972387,0,FullVirtual,0.017581544384133035,0.0,virtual_asap,raw_ik,0.02191474770691663,4.0,2.0,4.0,0,requested,362,0.05375361442565918,0.011000026483088732,0.005048318834100435,0,0.0,nan,0.7830658550083011,0.11321628093719482,0.025253815762698625,0.011781446609167355,2,requested,finite,0.012146240330249384,0.0,0.11321628093719482,0.025253815762698625,0.011781446609167355,2,0.0513022243976593,0.03511207178235054,0.036348520591855046,0.0369909980520606,nan,nan,nan,nan,1807,0.0573568884283304,0.023440839005171174,212.06102344168428,rounded_square,0,nan,nan,nan,nan
0,0.06,6,0.9966795794133924,12.806999151057086,0.5813449023861171,rounded_square:2,12.500286102294922,6.377689920319024,0.002575869904831052,0.0004530379956122488,0.0008835824846755709,0.0010113707068376246,0,0.010385522618889809,0.009999186731874943,0.010093252407386899,0.010153100080788135,2,full,6,0.06698714941740036,0.04442982003092766,0.049134023301303384,0.05600516829639671,0.03038257399748545,0.01592114000231959,0.01667002400063211,11.056399132321042,11.056399132321042,0.3774403470715835,0.0,0.003320420586607637,nan,0.0,0.009384589457441141,0,ThreadedASAP,0.01855230167423996,0.013015184381778741,threaded_asap,raw_ik,0.019663257273057642,15.0,2.0,4.0,0,requested,461,0.08697463572025299,0.028605842497199774,0.01200429315526321,0,0.0,25.495922088623047,0.8384061981184283,0.08689907193183899,0.029021023586392383,0.01213460212739682,2,requested,finite,0.01235668790233671,0.0,0.08689907193183899,0.029021023586392383,0.01213460212739682,2,0.05760559067130089,0.03620200976729393,0.03762092720717191,0.0444116140902042,0.0003855230170302093,-8.134973086271202e-07,9.325225255452096e-05,0.00015309970549424182,1807,0.05248819030821322,0.023098325861821034,212.0421314235733,rounded_square,0,0.0006448426865972579,0.0001680300774751231,0.0002725276281125843,0.0003514832648215818
0,0.0,0,1.0,19.222958457942813,0.6104972375690608,rounded_square:3,12.500286102294922,6.148198721263949,0.07416807860136032,0.0008231709944084287,0.03781779557466507,0.039113170281052594,0,nan,nan,nan,nan,2,full,0,nan,nan,nan,nan,0.030598712000937667,0.01524838049954269,0.01569540864929877,11.088397790055248,11.088397790055248,0.43646408839779005,0.0,0.0,nan,0.0,0.009631348960142365,0,IdealZeroDelay,0.01742345867304248,0.0,virtual_asap,raw_ik,0.02019494824118372,4.0,2.0,4.0,0,requested,362,0.00048065185546875,7.872581481933568e-05,4.023673478416876e-05,0,0.0,nan,0.9103486441615938,0.11946272104978561,0.0432193998247385,0.018764366407836387,2,requested,finite,0.019047159339409175,0.0,0.11946272104978561,0.0432193998247385,0.018764366407836387,3,0.05064104497432709,0.03474838472902775,0.035855624824762344,0.03659941647201776,nan,nan,nan,nan,1807,0.051639942824840544,0.02323448315329141,212.24749540107143,rounded_square,0,nan,nan,nan,nan
0,0.06,6,0.9966795794133924,4.368843823528857,0.3259668508287293,rounded_square:3,12.500286102294922,7.770019244614088,0.07243461906909943,0.0008047290029935539,0.03809664435684681,0.038851670473814014,0,nan,nan,nan,nan,2,naive_delayed,6,nan,nan,nan,nan,0.016452864001621492,0.015354041499449522,0.015935779700157582,11.392265193370166,11.392265193370166,0.6657458563535912,0.0,0.003320420586607637,nan,0.0,0.08380222725721573,0,NaiveDelayed,0.04148817397163082,0.0,virtual_asap,raw_ik,0.19826125522409563,4.0,2.0,4.0,0,requested,362,0.034201741218566895,0.012665480375289917,0.006136384445088659,0,0.0,nan,0.9175428887659104,0.034201741218566895,0.012665480375289917,0.006126188285547138,2,requested,finite,0.08009640360892346,0.10902047592695074,0.034201741218566895,0.012665480375289917,0.006126188285547138,3,0.03767143562436104,0.035120779648423195,0.036222086660563944,0.03673932403326034,nan,nan,nan,nan,1807,0.1468874484300613,0.06373506876932675,211.46556560253345,rounded_square,0,nan,nan,nan,nan
0,0.06,6,0.9966795794133924,13.074748451181607,0.5441988950276243,rounded_square:3,12.500286102294922,6.455577556034141,0.07544101029634476,0.000847970019094646,0.04172697477042674,0.043650432378053675,0,nan,nan,nan,nan,2,full,6,nan,nan,nan,nan,0.017145099998742808,0.01538579350017244,0.015929123694149894,11.0939226519337,11.0939226519337,0.40331491712707185,0.0,0.003320420586607637,nan,0.0,0.00944643213935219,0,FullVirtual,0.018627391040609845,0.0,virtual_asap,raw_ik,0.020221835017076042,4.0,2.0,4.0,0,requested,362,0.04249995946884155,0.012161897495388985,0.005145532720592671,0,0.0,nan,0.8118428334255673,0.09306329488754272,0.02493133097887038,0.010801453761178612,2,requested,finite,0.011485298473654575,0.0,0.09306329488754272,0.02493133097887038,0.010801453761178612,3,0.040750693529844284,0.03507488593459129,0.03630922120064497,0.03681453183293343,nan,nan,nan,nan,1807,0.05319549366831777,0.023173727472482294,211.99629606729863,rounded_square,0,nan,nan,nan,nan
0,0.06,6,0.9966795794133924,8.450510340166002,0.5496688741721855,rounded_square:3,12.500286102294922,6.374886264617854,0.001763158943504095,0.00048316598986275494,0.0009803700959309933,0.0012174243922345343,0,0.010389857925474644,0.00999910058453679,0.010087027912959456,0.010142658650875092,2,full,6,0.06560833752155304,0.045354459434747696,0.0501402823254466,0.05820700190961362,0.029254818000481464,0.016113000994664617,0.0176495409978088,11.041942604856512,11.041942604856512,0.3841059602649007,0.0,0.003320420586607637,nan,0.0,0.009699842386425283,0,ThreadedASAP,0.017967323871106906,0.017660044150110375,threaded_asap,raw_ik,0.02118426165134039,19.0,2.0,4.0,0,requested,453,0.10052411258220673,0.019434286281466484,0.008776604095226263,0,0.0,25.03447914123535,0.6989485334809076,0.10068260133266449,0.019777821004390708,0.008915338975783761,2,requested,finite,0.0089886103009812,0.0,0.10068260133266449,0.019777821004390708,0.008915338975783761,3,0.053856149315834045,0.036659713834524155,0.040267019718885425,0.048953238017857094,0.00038985800347290933,-8.995027656055754e-07,8.702800187165849e-05,0.00014265834834077405,1807,0.05279268994927406,0.024407405461166088,211.91689420433212,rounded_square,0,0.0006096542347222567,0.00016924660303629935,0.0002689488872420043,0.00035275409056339434
0,0.0,0,1.0,18.897003805249987,0.569060773480663,rounded_square:4,12.500286102294922,6.314738756762715,0.07468617707490921,0.0008382329833693802,0.03876731917262077,0.039251846373081205,0,nan,nan,nan,nan,2,full,0,nan,nan,nan,nan,0.016725576999306213,0.015528243999142433,0.015824440399774174,11.102209944751381,11.102209944751381,0.44751381215469616,0.0,0.0,nan,0.0,0.010511483410213086,0,IdealZeroDelay,0.020631043385877446,0.0,virtual_asap,raw_ik,0.02064315318993995,4.0,2.0,4.0,0,requested,362,0.0005573630332946777,8.350600764970294e-05,4.1954967358383506e-05,0,0.0,nan,0.8610957387935805,0.10229596495628357,0.04757105838507414,0.018321125330789865,2,requested,finite,0.018200961947507983,0.0,0.10229596495628357,0.04757105838507414,0.018321125330789865,4,0.03804181516170502,0.03541117161512375,0.03609463404864073,0.03644635140895843,nan,nan,nan,nan,1807,0.04806858748197554,0.023730777972348467,212.6284483522482,rounded_square,0,nan,nan,nan,nan
0,0.06,6,0.9966795794133924,4.160418721223906,0.36187845303867405,rounded_square:4,12.500286102294922,7.725430775658503,0.07464710623025894,0.0008196079870685935,0.03798430226743221,0.038623843416571615,0,nan,nan,nan,nan,2,naive_delayed,6,nan,nan,nan,nan,0.016933364000578877,0.015423468998051248,0.01605522074860346,11.356353591160222,11.356353591160222,0.643646408839779,0.0,0.003320420586607637,nan,0.0,0.08329000727129382,0,NaiveDelayed,0.04047807243825099,0.0,virtual_asap,raw_ik,0.19585304799785955,4.0,2.0,4.0,0,requested,362,0.034722089767456055,0.011999130249023438,0.005898813204247312,0,0.0,nan,0.9396790260099612,0.034722089767456055,0.011984314769506448,0.005889011790878521,2,requested,finite,0.07946594764834464,0.07415605976757056,0.034722089767456055,0.011984314769506448,0.005889011790878521,4,0.03730809688568115,0.03533281572163105,0.03629676904529333,0.036870788522064685,nan,nan,nan,nan,1807,0.14423916488885874,0.06418291682648412,209.55471074194926,rounded_square,0,nan,nan,nan,nan
0,0.06,6,0.9966795794133924,10.979056042547818,0.5414364640883977,rounded_square:4,12.500286102294922,6.364197791718558,0.078588105738163,0.0008559399866499007,0.0421102087944746,0.04353989496827126,0,nan,nan,nan,nan,2,full,6,nan,nan,nan,nan,0.01702957000088645,0.015419797498907428,0.016188874203362503,11.113259668508288,11.113259668508288,0.42265193370165743,0.0,0.003320420586607637,nan,0.0,0.008812157519856272,0,FullVirtual,0.017743944671439228,0.0,virtual_asap,raw_ik,0.020181157188033882,4.0,2.0,4.0,0,requested,362,0.0414084792137146,0.011695314198732376,0.005026856849630398,0,0.0,nan,0.7742114001106807,0.08373469114303589,0.02172902226448055,0.009824021280454924,2,requested,finite,0.010816650425595885,0.0,0.08373469114303589,0.02172902226448055,0.009824021280454924,4,0.03964716196060181,0.03522002324461937,0.036741796880960464,0.03722601231187582,nan,nan,nan,nan,1807,0.05180965512990946,0.022660715852966966,211.9959652597987,rounded_square,0,nan,nan,nan,nan
0,0.06,6,0.9966795794133924,13.994601204154948,0.5262008733624454,rounded_square:4,12.500286102294922,6.573623339710439,0.0014035359490662813,0.0004562519898172468,0.0008006604854017492,0.0010558786126784985,0,0.010348683223128319,0.009999120142310858,0.010091443778946996,0.010152280330657959,2,full,6,0.057761017233133316,0.04486709088087082,0.04915682002902031,0.05174369141459465,0.019760780996875837,0.016044300500652753,0.016700254799434332,11.052401746724891,11.052401746724891,0.4104803493449782,0.0,0.003320420586607637,nan,0.0016602102933038186,0.009511122805733975,0,ThreadedASAP,0.018568084050411247,0.004366812227074236,threaded_asap,raw_ik,0.019959709064048262,9.0,2.0,4.0,0,requested,458,0.09902702271938324,0.02713981457054615,0.012139488403542566,0,0.0,25.336912155151367,0.7941339236303265,0.09899857640266418,0.027563087549060564,0.012288120257480682,2,requested,finite,0.012086453323753944,0.0,0.09899857640266418,0.027563087549060564,0.012288120257480682,4,0.04745740815997124,0.036466408520936966,0.038153915852308276,0.042965167760849,0.00034868301008827984,-8.800031991995638e-07,9.144349678535946e-05,0.00015227995099849104,1807,0.05595451034605502,0.02363317499298403,212.31807332368214,rounded_square,0,0.000490114965941757,0.000134256697492674,0.00023648793576285242,0.000297925496124663
