condition,delta_joint_rmse_rad_mean,delta_joint_rmse_rad_std,delta_orientation_rmse_rad_mean,delta_orientation_rmse_rad_std,delta_tcp_p95_m_mean,delta_tcp_p95_m_std,delta_tcp_rmse_m_mean,delta_tcp_rmse_m_std,ik_method,mpc_method,n
actuator_gain_l3,-0.004914795273477839,0.00065880808831242,-0.014637699905112619,0.0016480812965763598,-0.040589513424783924,0.004726195340148004,-0.014807135459683231,0.0013880743552338857,physical,IdealZeroDelay,20
actuator_gain_l6,-0.006887495718660823,0.0005474475321580506,-0.020216890827569074,0.0022187210809915324,-0.04820130120962859,0.006983981427456145,-0.017436677938939736,0.0019286607738541405,physical,IdealZeroDelay,20
force_pulse_l3,-0.0032063846648811346,0.001533573935535754,-0.010557552282678507,0.0036637503016057134,-0.03269857425242662,0.008739452560518796,-0.011204714033038413,0.0036560528084554297,physical,IdealZeroDelay,20
force_pulse_l6,-0.003038901412662436,0.0014700954038720277,-0.010425509629214277,0.003399367750432954,-0.03190764576196669,0.008880450334785059,-0.010789868106576748,0.003587106427222812,physical,IdealZeroDelay,20
nominal,-0.0031283310420197135,0.0015703813958892149,-0.01023781530257961,0.003665643937416123,-0.03239278085529803,0.009152332995311622,-0.011111760318005908,0.003598391474789962,physical,IdealZeroDelay,20
observation_noise_l3,-0.0025879719898185593,0.0015802917012888783,-0.008978446391256702,0.0036271606925361356,-0.031890416499227275,0.00994746503022968,-0.010321459311083433,0.003474014605978944,physical,IdealZeroDelay,20
observation_noise_l6,0.0014380447519925443,0.0027135186004838578,-0.0005016836210774336,0.005904522276829872,-0.019595753308385623,0.01216711938344848,-0.002498431354660313,0.005785755573087632,physical,IdealZeroDelay,20
payload_l3,-0.0012441331057479906,0.001614585615185691,-0.018323040348153276,0.0033089365360900176,-0.017586604189127678,0.009785413053071713,-0.010093341682028899,0.0037000630972423396,physical,IdealZeroDelay,20
payload_l6,-0.012273940440247004,0.001929109900058509,-0.07185330673355399,0.005221552279363472,-0.03793168023228648,0.008817951173154039,-0.03741852603174662,0.00474642118918752,physical,IdealZeroDelay,20
actuator_gain_l3,-0.0013958272413611677,0.0006674521799854726,-0.013938769157748518,0.001668340852883199,-0.026252773385494938,0.004797255782821012,-0.0085600780414084,0.0013701033840919012,preview,IdealZeroDelay,20
actuator_gain_l6,-0.0020668575611742382,0.0007725968612939249,-0.016180501057352536,0.0023152070541982523,-0.03608576346188783,0.007039761532808366,-0.012225000346407295,0.001977076610896487,preview,IdealZeroDelay,20
force_pulse_l3,-0.0003812656303924418,0.0015527437675731328,-0.010999427648779295,0.0036680638541430224,-0.017815569750964662,0.008830461406697972,-0.004602937960898933,0.0037026287067290654,preview,IdealZeroDelay,20
force_pulse_l6,-0.00039999824650145384,0.0014906822279249395,-0.01055829962170778,0.003435179105506824,-0.017356124296784396,0.009034238167233942,-0.004615262279890166,0.0036352397455201965,preview,IdealZeroDelay,20
nominal,-0.0002931827110951546,0.0015975391335773838,-0.010878329728701598,0.0036582127163127362,-0.017509776353836076,0.009253618199373582,-0.004485778397152321,0.0036791537456259617,preview,IdealZeroDelay,20
observation_noise_l3,0.0002471763411060002,0.0016689948668295723,-0.009618960817378694,0.0036210222113823728,-0.017007411997765315,0.010057202267162,-0.003695477390229845,0.0036681830928517096,preview,IdealZeroDelay,20
observation_noise_l6,0.0042731930829171035,0.0027150133426966667,-0.0011421980471994237,0.0059018311618206625,-0.004712748806923661,0.012260792942685492,0.004127550566193278,0.005837641934357163,preview,IdealZeroDelay,20
payload_l3,0.0012947540462224093,0.0016926253387158092,-0.01784661816058228,0.0033131931555537043,-0.006703036148101006,0.010042493263072036,-0.0056179819370541575,0.0038382875507243426,preview,IdealZeroDelay,20
payload_l6,-0.010770752389567165,0.0021130508601598943,-0.07127573970806178,0.0052552785700719406,-0.02755279459059228,0.009210556867125345,-0.0353737520601349,0.004913058847261715,preview,IdealZeroDelay,20
actuator_gain_l3,-0.004914795273477839,0.00065880808831242,-0.014637699905112619,0.0016480812965763598,-0.040589513424783924,0.004726195340148004,-0.014807135459683231,0.0013880743552338857,raw,IdealZeroDelay,20
actuator_gain_l6,-0.006887495718660823,0.0005474475321580509,-0.020216890827569074,0.0022187210809915324,-0.04820130120962859,0.006983981427456145,-0.017436677938939736,0.0019286607738541405,raw,IdealZeroDelay,20
force_pulse_l3,-0.003206384664881135,0.0015335739355357542,-0.010557552282678507,0.0036637503016057134,-0.03269857425242662,0.008739452560518796,-0.011204714033038413,0.0036560528084554297,raw,IdealZeroDelay,20
force_pulse_l6,-0.003038901412662435,0.0014700954038720279,-0.010425509629214277,0.003399367750432954,-0.03190764576196669,0.008880450334785059,-0.010789868106576748,0.003587106427222812,raw,IdealZeroDelay,20
nominal,-0.003128331042019715,0.0015703813958892149,-0.01023781530257961,0.003665643937416123,-0.03239278085529803,0.009152332995311622,-0.011111760318005908,0.003598391474789962,raw,IdealZeroDelay,20
observation_noise_l3,-0.0025879719898185606,0.0015802917012888793,-0.008978446391256702,0.0036271606925361356,-0.031890416499227275,0.00994746503022968,-0.010321459311083433,0.003474014605978944,raw,IdealZeroDelay,20
observation_noise_l6,0.0014380447519925428,0.002713518600483857,-0.0005016836210774336,0.005904522276829872,-0.019595753308385623,0.01216711938344848,-0.002498431354660313,0.005785755573087632,raw,IdealZeroDelay,20
payload_l3,-0.0012441331057479906,0.001614585615185691,-0.018323040348153276,0.0033089365360900176,-0.017586604189127678,0.009785413053071713,-0.010093341682028899,0.0037000630972423396,raw,IdealZeroDelay,20
payload_l6,-0.012273940440247004,0.001929109900058509,-0.07185330673355399,0.005221552279363472,-0.03793168023228648,0.008817951173154039,-0.03741852603174662,0.00474642118918752,raw,IdealZeroDelay,20
actuator_gain_l3,0.07466234638731925,0.010188328503313766,0.16105182184219619,0.026798266814376907,0.04291836071759464,0.013404083634270435,0.02565703237798727,0.006189796593860133,physical,NaiveDelayed,20
actuator_gain_l6,0.0689726902948012,0.009880115112608723,0.14333483684631018,0.02373417908537918,0.026443519815802546,0.007536143195844404,0.019757459246144072,0.004771246382025508,physical,NaiveDelayed,20
force_pulse_l3,0.07749897234882915,0.011962426932716862,0.1717965121920714,0.02436020771984182,0.05299135945737361,0.01292131450171169,0.02997984932673311,0.005636809359844351,physical,NaiveDelayed,20
force_pulse_l6,0.07527716741901744,0.01248627525228308,0.1645506458222299,0.02274624715519679,0.050611971803009505,0.011680287800922451,0.02953598911965678,0.005537363739617957,physical,NaiveDelayed,20
nominal,0.0752787602032221,0.010816476872503781,0.16824449585428952,0.02322617356214539,0.05056704662740228,0.012310245868542537,0.028663241647742164,0.004882175917876487,physical,NaiveDelayed,20
observation_noise_l3,0.077284849299759,0.011914425365257416,0.16974682491433107,0.02728392452784154,0.053270195648074135,0.010711959303495484,0.027808854412780644,0.004561162794677192,physical,NaiveDelayed,20
observation_noise_l6,0.07592747159371982,0.010559954839249082,0.16379458851708179,0.027778098840939968,0.05604182239621878,0.013982018254294145,0.03003582012504863,0.005688193275108697,physical,NaiveDelayed,20
payload_l3,0.07430116527700589,0.012252343212356936,0.15100935308683033,0.035713599537514865,0.04327174983918665,0.014438313135517898,0.014326572728137804,0.004903671080361628,physical,NaiveDelayed,20
payload_l6,0.05789042790161549,0.016691354516312536,0.07716880818152848,0.043305807124922734,0.004556988179683602,0.018551949183294062,-0.03305097942131717,0.004580672130451343,physical,NaiveDelayed,20
actuator_gain_l3,0.07818131441943595,0.010237269499899079,0.16175075258956034,0.026808381162816513,0.057255100756883615,0.013405992493479736,0.03190408979626211,0.00625379356019804,preview,NaiveDelayed,20
actuator_gain_l6,0.07379332845228777,0.009996495050150725,0.14737122661652668,0.02373260977455557,0.038559057563543296,0.007546992161262404,0.024969136838676513,0.0048842461011705295,preview,NaiveDelayed,20
force_pulse_l3,0.08032409138331784,0.012009050207874397,0.17135463682597063,0.024343542918568477,0.06787436395883557,0.012993458328322067,0.036581625398872594,0.005826049448202078,preview,NaiveDelayed,20
force_pulse_l6,0.07791607058517841,0.012553751704475246,0.16441785582973636,0.022740649340105782,0.0651634932681918,0.011679340046650442,0.03571059494634337,0.005757759358186745,preview,NaiveDelayed,20
nominal,0.07811390853414665,0.010843004891073413,0.16760398142816751,0.023213081065309015,0.06545005112886425,0.01235125315906918,0.035289223568595755,0.004979478758265108,preview,NaiveDelayed,20
observation_noise_l3,0.08011999763068355,0.012013387414197843,0.16910631048820907,0.027274296275065116,0.0681532001495361,0.010654557284390982,0.034434836333634235,0.004583547781216694,preview,NaiveDelayed,20
observation_noise_l6,0.0787626199246444,0.010615901133006688,0.1631540740909598,0.02777321320686198,0.07092482689768073,0.01405273504623401,0.03666180204590221,0.005944312222286699,preview,NaiveDelayed,20
payload_l3,0.0768400524289763,0.01226806880290525,0.1514857752744013,0.03571112264947791,0.05415531788021331,0.014543340695292022,0.018801932473112543,0.005281380665993472,preview,NaiveDelayed,20
payload_l6,0.05939361595229535,0.016779427110172808,0.07774637520702068,0.04332393280239637,0.014935873821377805,0.018399556763427256,-0.031006205449705455,0.00468325507382517,preview,NaiveDelayed,20
actuator_gain_l3,0.07466234638731925,0.010188328503313766,0.16105182184219619,0.026798266814376907,0.04291836071759464,0.013404083634270435,0.02565703237798727,0.006189796593860133,raw,NaiveDelayed,20
actuator_gain_l6,0.0689726902948012,0.009880115112608723,0.14333483684631018,0.02373417908537918,0.026443519815802546,0.007536143195844404,0.019757459246144072,0.004771246382025508,raw,NaiveDelayed,20
force_pulse_l3,0.07749897234882915,0.011962426932716862,0.1717965121920714,0.02436020771984182,0.05299135945737361,0.01292131450171169,0.02997984932673311,0.005636809359844351,raw,NaiveDelayed,20
force_pulse_l6,0.07527716741901744,0.012486275252283081,0.1645506458222299,0.02274624715519679,0.050611971803009505,0.011680287800922451,0.02953598911965678,0.005537363739617957,raw,NaiveDelayed,20
nominal,0.0752787602032221,0.010816476872503781,0.16824449585428952,0.02322617356214539,0.05056704662740228,0.012310245868542537,0.028663241647742164,0.004882175917876487,raw,NaiveDelayed,20
observation_noise_l3,0.077284849299759,0.011914425365257416,0.16974682491433107,0.02728392452784154,0.053270195648074135,0.010711959303495484,0.027808854412780644,0.004561162794677192,raw,NaiveDelayed,20
observation_noise_l6,0.07592747159371982,0.010559954839249083,0.16379458851708179,0.027778098840939968,0.05604182239621878,0.013982018254294145,0.03003582012504863,0.005688193275108697,raw,NaiveDelayed,20
payload_l3,0.07430116527700589,0.012252343212356936,0.15100935308683033,0.035713599537514865,0.04327174983918665,0.014438313135517898,0.014326572728137804,0.004903671080361628,raw,NaiveDelayed,20
payload_l6,0.05789042790161549,0.016691354516312536,0.07716880818152848,0.043305807124922734,0.004556988179683602,0.018551949183294062,-0.03305097942131717,0.004580672130451343,raw,NaiveDelayed,20
actuator_gain_l3,-0.002634153585751163,0.0007431553552516517,-0.007796721190270471,0.0025129397139736216,-0.023364107310771928,0.0059233817379549854,-0.008468081949876796,0.001985160329064249,physical,ThreadedAsync,20
actuator_gain_l6,-0.005912280801537344,0.0005620997727487885,-0.016754208444295753,0.001601206307726925,-0.03642706263810399,0.004643762827669611,-0.013792985985894329,0.0013704984813613728,physical,ThreadedAsync,20
force_pulse_l3,-0.0032262216156001846,0.0011805745492801166,-0.010016256443869293,0.002758497494961677,-0.03048302549868822,0.005527346972634394,-0.010831527482471895,0.002418187913939575,physical,ThreadedAsync,20
force_pulse_l6,-0.0028598316074480634,0.0011438922659092294,-0.008896994605265458,0.00328340336557868,-0.02520327053964136,0.009947959361347267,-0.00944112503598811,0.0031601183595361946,physical,ThreadedAsync,20
nominal,-0.0031936007161731707,0.0013760057961799254,-0.009934661495106068,0.0028400546636250914,-0.03055914485827087,0.005124770770155175,-0.010836474452082181,0.0023091326090426893,physical,ThreadedAsync,20
observation_noise_l3,-0.001619552303589434,0.0008662595522186605,-0.005181148383117716,0.002080637853516152,-0.019516899995505817,0.006631932323175711,-0.006537110508280995,0.0020034527506045704,physical,ThreadedAsync,20
observation_noise_l6,0.0003617592649852331,0.0023748690950264636,-0.0020420642209514825,0.0047345618627562865,-0.019969199988991024,0.01120065528283142,-0.004819178312851109,0.00462313290591968,physical,ThreadedAsync,20
payload_l3,-0.004014147266135781,0.0015518209783311478,-0.0203677986615537,0.003022031523376605,-0.024163885600864916,0.007003346691169203,-0.014071537924363182,0.0027450719405102135,physical,ThreadedAsync,20
payload_l6,-0.012325119031014025,0.0016406728120762597,-0.059076753723874366,0.006272283657463866,-0.0364208744466305,0.010357506492731365,-0.03259571011452336,0.00410325380522293,physical,ThreadedAsync,20
actuator_gain_l3,0.0008848144463655088,0.0007058578224046247,-0.007097790442906366,0.002516522383804797,-0.009027367271482945,0.005939571722752588,-0.0022210245316019667,0.001916100724531144,preview,ThreadedAsync,20
actuator_gain_l6,-0.0010916426440507599,0.0005447433654012327,-0.012717818674079218,0.0015717906294688028,-0.02431152489036323,0.004617430254341511,-0.008581308393361891,0.001452597855904449,preview,ThreadedAsync,20
force_pulse_l3,-0.00040110258111149266,0.0011264440972462487,-0.01045813180997008,0.0027561080422575874,-0.015600020997226256,0.005541060305571162,-0.004229751410332416,0.0023431677924539477,preview,ThreadedAsync,20
force_pulse_l6,-0.00022092844128708094,0.0010151767796302451,-0.009029784597758956,0.0031022211804152115,-0.010651749074459075,0.009760298213087217,-0.003266519209301525,0.0028782323578958914,preview,ThreadedAsync,20
nominal,-0.00035845238524861154,0.0013555182218523087,-0.01057517592122806,0.0028371515231107444,-0.01567614035680891,0.00519720417422243,-0.004210492531228594,0.002275646935485912,preview,ThreadedAsync,20
observation_noise_l3,0.0012155960273351248,0.0008882967403309565,-0.005821662809239707,0.0020661624198473915,-0.00463389549404386,0.006685880192478275,8.887141257259475e-05,0.002054454948178507,preview,ThreadedAsync,20
observation_noise_l6,0.0031969075959097917,0.002439017185976171,-0.0026825786470734726,0.004733453599170043,-0.005086195487529062,0.011267738073024544,0.0018068036080024813,0.004723412100905811,preview,ThreadedAsync,20
payload_l3,-0.0014752601141653809,0.0017237111400081127,-0.01989137647398271,0.0030359476736957223,-0.013280317559838242,0.007242136152772395,-0.009596178179388435,0.0030296212683308186,preview,ThreadedAsync,20
payload_l6,-0.010821930980334186,0.0014889389243744374,-0.05849918669838215,0.006261735813267945,-0.026041988804936293,0.010168042036090811,-0.030550936142911638,0.0039141784298738725,preview,ThreadedAsync,20
actuator_gain_l3,-0.002634153585751163,0.0007431553552516517,-0.007796721190270471,0.0025129397139736216,-0.023364107310771928,0.0059233817379549854,-0.008468081949876796,0.001985160329064249,raw,ThreadedAsync,20
actuator_gain_l6,-0.005912280801537344,0.0005620997727487875,-0.016754208444295753,0.001601206307726925,-0.03642706263810399,0.004643762827669611,-0.013792985985894329,0.0013704984813613728,raw,ThreadedAsync,20
force_pulse_l3,-0.003226221615600186,0.0011805745492801164,-0.010016256443869293,0.002758497494961677,-0.03048302549868822,0.005527346972634394,-0.010831527482471895,0.002418187913939575,raw,ThreadedAsync,20
force_pulse_l6,-0.0028598316074480625,0.0011438922659092318,-0.008896994605265458,0.00328340336557868,-0.02520327053964136,0.009947959361347267,-0.00944112503598811,0.0031601183595361946,raw,ThreadedAsync,20
nominal,-0.003193600716173173,0.0013760057961799243,-0.009934661495106068,0.0028400546636250914,-0.03055914485827087,0.005124770770155175,-0.010836474452082181,0.0023091326090426893,raw,ThreadedAsync,20
observation_noise_l3,-0.0016195523035894357,0.0008662595522186618,-0.005181148383117716,0.002080637853516152,-0.019516899995505817,0.006631932323175711,-0.006537110508280995,0.0020034527506045704,raw,ThreadedAsync,20
observation_noise_l6,0.00036175926498523137,0.002374869095026464,-0.0020420642209514825,0.0047345618627562865,-0.019969199988991024,0.01120065528283142,-0.004819178312851109,0.00462313290591968,raw,ThreadedAsync,20
payload_l3,-0.004014147266135781,0.0015518209783311478,-0.0203677986615537,0.003022031523376605,-0.024163885600864916,0.007003346691169203,-0.014071537924363182,0.0027450719405102135,raw,ThreadedAsync,20
payload_l6,-0.012325119031014025,0.0016406728120762597,-0.059076753723874366,0.006272283657463866,-0.0364208744466305,0.010357506492731365,-0.03259571011452336,0.00410325380522293,raw,ThreadedAsync,20
actuator_gain_l3,-0.004460290831574221,0.0006146355487701738,-0.0125785403811387,0.0015151214506855858,-0.03610963204875587,0.004266369862607888,-0.01340751094387633,0.0013861926755802194,physical,VirtualDelayAware,20
actuator_gain_l6,-0.006176327494033955,0.0005089017457546767,-0.01740409003615525,0.0014587235052126997,-0.04131832476705315,0.0032881462970661274,-0.015254274041630045,0.0012073646364587217,physical,VirtualDelayAware,20
force_pulse_l3,-0.003255171745766218,0.0011489880312668796,-0.009668566190072574,0.0023434731592470613,-0.03227576866745949,0.005295638494047527,-0.011118584503677763,0.002068875985675981,physical,VirtualDelayAware,20
force_pulse_l6,-0.0029477463980815146,0.0017692750774799878,-0.00921489320497633,0.0035329172614387942,-0.03063795601949093,0.0047383036510631246,-0.010562305126824552,0.0032240561171032805,physical,VirtualDelayAware,20
nominal,-0.003192545587200315,0.0009186855551737651,-0.009444891915628733,0.0021072155329362953,-0.03093145672231911,0.0055256908456812436,-0.010890561332793489,0.0020607930440962145,physical,VirtualDelayAware,20
observation_noise_l3,-0.002905538464007388,0.0009719897851304652,-0.00889630955297374,0.0021760379286548804,-0.0319367809407413,0.005412419292744327,-0.010538944140235661,0.0021166867089249613,physical,VirtualDelayAware,20
observation_noise_l6,0.001823787631476996,0.0030626121970954473,0.0011799054362475233,0.007089580899906774,-0.01632941283285617,0.01879988970064441,-0.0018543322859896673,0.00737521934783203,physical,VirtualDelayAware,20
payload_l3,-0.002648858412760464,0.0017075881282587427,-0.017885235306649247,0.003349695200460318,-0.02226317137479782,0.009802942605614462,-0.012251727656395942,0.00311497990469761,physical,VirtualDelayAware,20
payload_l6,-0.012667599688246576,0.0017715047479964076,-0.06215851478875155,0.004789350869360417,-0.04120529111474756,0.011629061183688187,-0.035471547368226636,0.00469666662747978,physical,VirtualDelayAware,20
actuator_gain_l3,-0.0009413227994575498,0.0005377987844134926,-0.011879609633774596,0.0015378385642972506,-0.021772892009466884,0.004312471799334098,-0.007160453525601502,0.0012810679189536442,preview,VirtualDelayAware,20
actuator_gain_l6,-0.0013556893365473696,0.0006783571837560449,-0.013367700265938708,0.0015805556957623464,-0.029202787019312382,0.003269255392609725,-0.010042596449097602,0.0012065868591861109,preview,VirtualDelayAware,20
force_pulse_l3,-0.0004300527112775259,0.0011575922301404955,-0.010110441556173362,0.0023933111458937727,-0.01739276416599752,0.005376157183885845,-0.004516808431538286,0.002148468664987439,preview,VirtualDelayAware,20
force_pulse_l6,-0.00030884323192053307,0.0017356964509504364,-0.009347683197469833,0.003542763853194834,-0.016086434554308648,0.0048666480143231645,-0.004387699300137967,0.00322878269536684,preview,VirtualDelayAware,20
nominal,-0.00035739725627575585,0.000988227208291143,-0.010085406341750727,0.0021101606282853008,-0.01604845222085715,0.005616239226309867,-0.004264579411939897,0.002216513643475499,preview,VirtualDelayAware,20
observation_noise_l3,-7.03901330828296e-05,0.0010460974888396803,-0.009536823979095731,0.002172799455987273,-0.01705377643927934,0.005539548090445389,-0.003912962219382069,0.0022463533697869515,preview,VirtualDelayAware,20
observation_noise_l6,0.0046589359624015555,0.0031076918051922285,0.0005393910101255331,0.007083291321442838,-0.0014464083313942121,0.018896552155101966,0.004771649634863923,0.0074911044763012686,preview,VirtualDelayAware,20
payload_l3,-0.0001099712607900644,0.0018218529664990092,-0.017408813119078246,0.003360100222909788,-0.011379603333771143,0.010096616256939783,-0.0077763679114211965,0.0032928726666205943,preview,VirtualDelayAware,20
payload_l6,-0.011164411637566735,0.0019181335076585693,-0.06158094776325933,0.004821680644364101,-0.030826405473053348,0.012082801541374725,-0.033426773396614914,0.0048286694625395326,preview,VirtualDelayAware,20
actuator_gain_l3,-0.004460290831574221,0.0006146355487701738,-0.0125785403811387,0.0015151214506855858,-0.03610963204875587,0.004266369862607888,-0.01340751094387633,0.0013861926755802194,raw,VirtualDelayAware,20
actuator_gain_l6,-0.006176327494033954,0.0005089017457546768,-0.01740409003615525,0.0014587235052126997,-0.04131832476705315,0.0032881462970661274,-0.015254274041630045,0.0012073646364587217,raw,VirtualDelayAware,20
force_pulse_l3,-0.0032551717457662195,0.0011489880312668794,-0.009668566190072574,0.0023434731592470613,-0.03227576866745949,0.005295638494047527,-0.011118584503677763,0.002068875985675981,raw,VirtualDelayAware,20
force_pulse_l6,-0.0029477463980815146,0.0017692750774799878,-0.00921489320497633,0.0035329172614387942,-0.03063795601949093,0.0047383036510631246,-0.010562305126824552,0.0032240561171032805,raw,VirtualDelayAware,20
nominal,-0.0031925455872003163,0.0009186855551737651,-0.009444891915628733,0.0021072155329362953,-0.03093145672231911,0.0055256908456812436,-0.010890561332793489,0.0020607930440962145,raw,VirtualDelayAware,20
observation_noise_l3,-0.0029055384640073903,0.0009719897851304648,-0.00889630955297374,0.0021760379286548804,-0.0319367809407413,0.005412419292744327,-0.010538944140235661,0.0021166867089249613,raw,VirtualDelayAware,20
observation_noise_l6,0.0018237876314769943,0.0030626121970954473,0.0011799054362475233,0.007089580899906774,-0.01632941283285617,0.01879988970064441,-0.0018543322859896673,0.00737521934783203,raw,VirtualDelayAware,20
payload_l3,-0.002648858412760464,0.0017075881282587427,-0.017885235306649247,0.003349695200460318,-0.02226317137479782,0.009802942605614462,-0.012251727656395942,0.00311497990469761,raw,VirtualDelayAware,20
payload_l6,-0.012667599688246576,0.0017715047479964076,-0.06215851478875155,0.004789350869360417,-0.04120529111474756,0.011629061183688187,-0.035471547368226636,0.00469666662747978,raw,VirtualDelayAware,20
