acceleration_violation_count,active_packet_gap_max_s,active_packet_gap_max_steps,active_packet_ratio,actuator_torque_rms_nm,baseline_selection_rate,case_id,command_acceleration_max_abs_rad_s2,command_acceleration_rms_rad_s2,control_compute_max_s,control_compute_p50_s,control_compute_p95_s,control_compute_p99_s,control_deadline_miss_count,control_period_max_s,control_period_p50_s,control_period_p95_s,control_period_p99_s,control_semantics_version,delay_protocol,delay_steps,e2e_max_s,e2e_p50_s,e2e_p95_s,e2e_p99_s,evaluation_set,exact_final_pool_time_max_s,exact_final_pool_time_p50_s,exact_final_pool_time_p95_s,exact_pool_candidate_count_mean,exact_pool_valid_count_mean,exact_selection_changed_rate,failure_rate,fallback_duty_cycle,feedback_rms_rad,feedback_saturation_rate,joint_rmse_rad,joint_violation_count,label,lap_tcp_rmse_m,late_packet_rate,multirate_mode,nominal_command_semantics,orientation_rmse_rad,packet_age_max_steps,packet_age_p50_steps,packet_age_p95_steps,packet_expiration_count,packet_residual_semantics,planner_event_count,planner_execution_qref_error_max_rad,planner_execution_qref_error_p95_rad,planner_execution_qref_error_rms_rad,planner_failure_count,planner_failure_step_rate,planner_hz,projection_activation_rate,projection_discrepancy_max_rad,projection_discrepancy_p95_rad,projection_discrepancy_rms_rad,projection_semantics_version,residual_cost_semantics,residual_feasibility_semantics,residual_rms_rad,residual_saturation_rate,safety_projection_offset_max_rad,safety_projection_offset_p95_rad,safety_projection_offset_rms_rad,seed,solve_max_s,solve_p50_s,solve_p95_s,solve_p99_s,start_jitter_max_s,start_jitter_p50_s,start_jitter_p95_s,start_jitter_p99_s,steps,tcp_p95_m,tcp_rmse_m,total_torque_rms_nm,trajectory,variant,velocity_violation_count,wakeup_lateness_max_s,wakeup_lateness_p50_s,wakeup_lateness_p95_s,wakeup_lateness_p99_s
0,0.06,6,0.9966795794133924,8.96937771558869,0.2569060773480663,circle:0,12.500286102294922,6.298248372128531,0.29178518056869507,0.000845949980430305,0.04090938344597816,0.04210279241204262,0,nan,nan,nan,nan,2,full,6,nan,nan,nan,nan,common_d,nan,nan,nan,nan,nan,nan,0.0,0.003320420586607637,nan,0.0,0.010925421313844708,0,ProjectionOffCommonD6,0.02659505538521272,0.0,virtual_asap,raw_ik,0.02901708062086365,4.0,2.0,4.0,0,requested,362,0.05299760028719902,0.012042932212352753,0.0058927348584281595,0,0.0,nan,0.710016602102933,0.05356350913643837,0.013200002908706647,0.006313766221235103,2,requested,finite,0.00907960252442947,0.0,0.05356350913643837,0.013200002908706647,0.006313766221235103,0,0.03752078860998154,0.0345201101154089,0.03601911570876837,0.03643431812524795,nan,nan,nan,nan,1807,0.07147166430950165,0.030779999614131057,212.93414958494773,circle,ProjectionOff,0,nan,nan,nan,nan
0,0.06,6,0.9966795794133924,8.762009255592808,0.2163355408388521,circle:0,12.500286102294922,6.297166800193085,0.002298197941854596,0.000510042009409517,0.0008829929982312023,0.0010520285461097956,0,0.010793074034154415,0.009998609311878681,0.010089544812217355,0.010203946754336357,2,full,6,0.05982852354645729,0.04546819254755974,0.05020433254539967,0.0527572473883629,deployed,nan,nan,nan,nan,nan,nan,0.0,0.003320420586607637,nan,0.0,0.011570181773873842,0,ProjectionOffDeployed,0.028145329366057882,0.008830022075055188,threaded_asap,raw_ik,0.030670203846922085,13.0,2.0,4.0,0,requested,453,0.04614480584859848,0.014461522921919823,0.006371931788689031,0,0.0,25.043188095092773,0.6790260099612617,0.04697518050670624,0.016152709722518917,0.0070217301983895655,2,requested,finite,0.008588543448218803,0.0,0.04697518050670624,0.016152709722518917,0.0070217301983895655,0,0.04960455745458603,0.03680584952235222,0.03914801776409149,0.04318248108029366,0.0007930740248411894,-1.3904916613682872e-06,8.954499935498461e-05,0.00020394705425133043,1807,0.07558437064290044,0.03267680582798259,212.880961435557,circle,ProjectionOff,0,0.0009411848150193691,0.00018138739687856287,0.0002842795976903288,0.00036025583744049117
0,0.06,6,0.9966795794133924,7.230337628081012,0.2541436464088398,circle:0,12.500286102294922,6.051124865589546,2.3770267963409424,0.000843484012875706,0.04221196994185448,0.044645042270421986,0,nan,nan,nan,nan,2,full,6,nan,nan,nan,nan,common_d,nan,nan,nan,nan,nan,nan,0.0,0.003320420586607637,nan,0.0,0.012555832922029983,0,FullCompiledCommonD6,0.030694468888776326,0.0,virtual_asap,raw_ik,0.03263652538564089,4.0,2.0,4.0,0,requested,362,0.03500080108642578,0.010805787518620491,0.00458260765207847,0,0.0,nan,0.60431654676259,0.040666818618774414,0.010961063578724855,0.004689112984589402,2,requested,finite,0.006441056892022606,0.0,0.040666818618774414,0.010961063578724855,0.004689112984589402,0,0.0388307124376297,0.035232776775956154,0.037153295055031774,0.0380757549777627,nan,nan,nan,nan,1807,0.08099191635847092,0.03521640213568376,212.7086230252747,circle,FullCompiled,0,nan,nan,nan,nan
0,0.06,6,0.9966795794133924,7.2907846084553,0.2692307692307692,circle:0,12.500286102294922,5.982790565875917,0.001178247039206326,0.0004916490288451314,0.0007351751846726982,0.000832557671237737,0,0.01047892402857542,0.009998728055506945,0.01007363828830421,0.010133207961916923,2,full,6,0.06415499001741409,0.04631737247109413,0.05159123241901398,0.05616415217518812,deployed,nan,nan,nan,nan,nan,nan,0.0,0.003320420586607637,nan,0.0,0.012807652837637089,0,FullCompiledDeployed,0.031761684610182084,0.011312217194570135,threaded_asap,raw_ik,0.03359490658286577,9.0,2.0,4.0,0,requested,442,0.03641729801893234,0.01189829595386982,0.005245184423485657,0,0.0,24.451696395874023,0.6159380188157166,0.03625082969665527,0.012289887666702255,0.005371076537209495,2,requested,finite,0.006490867666270819,0.0,0.03625082969665527,0.012289887666702255,0.005371076537209495,0,0.05916493013501167,0.0377369187772274,0.040534209460020065,0.047606921941041956,0.0004789239901583642,-1.271995415663696e-06,7.36385009076912e-05,0.0001332077648839914,1807,0.08237320929765696,0.036208333625920824,212.70028547305424,circle,FullCompiled,0,0.0006623718072660267,0.00017335540906060487,0.0002638244011905044,0.00031534795998595656
0,0.06,6,0.9966795794133924,8.316413223520506,0.48342541436464087,circle:0,12.500286102294922,6.173942780656491,11.341273307800293,0.00083642901154235,0.03639534786343575,0.037837344482541085,0,nan,nan,nan,nan,2,full,6,nan,nan,nan,nan,common_d,0.011777642997913063,0.00928053700044984,0.010273558853077703,11.182320441988951,11.182320441988951,0.26243093922651933,0.0,0.003320420586607637,nan,0.0,0.011151808687959529,0,TwoStageCompiledCommonD6,0.02695170903709973,0.0,virtual_asap,raw_ik,0.028957032429447242,4.0,2.0,4.0,0,requested,362,0.024750232696533203,0.009486095979809761,0.003946121149653252,0,0.0,nan,0.6873270614277809,0.0403527170419693,0.011684578191488968,0.0051500071080662745,2,requested,finite,0.008084256606197791,0.0,0.0403527170419693,0.011684578191488968,0.0051500071080662745,0,0.03400178253650665,0.029567205347120762,0.030811197776347398,0.03165555521845817,nan,nan,nan,nan,1807,0.0734930798411369,0.03148583197587147,212.81694615360956,circle,TwoStageCompiled,0,nan,nan,nan,nan
0,0.06,6,0.9966795794133924,8.565785866555776,0.5551330798479087,circle:0,12.500286102294922,5.91962764769232,0.0014177820412442088,0.0004977050120942295,0.0007547267829068004,0.0008949224092066297,0,0.010444406419992447,0.009997936896979809,0.010081772226840258,0.0101727485191077,2,full,6,0.04612254723906517,0.03933504968881607,0.044454562664031985,0.045277163684368134,deployed,0.014141452993499115,0.009901999503199477,0.01124973950572894,11.085551330798479,11.085551330798479,0.2908745247148289,0.0,0.003320420586607637,nan,0.0,0.011602454949214289,0,TwoStageCompiledDeployed,0.02853179005618307,0.0,threaded_asap,raw_ik,0.029941712776359514,4.0,2.0,4.0,0,requested,526,0.044977396726608276,0.013357847929000854,0.005873891199738392,0,0.0,29.105253219604492,0.6629773104593248,0.04488259181380272,0.01353260129690168,0.005982939876778352,2,requested,finite,0.00803863603180667,0.0,0.04488259181380272,0.01353260129690168,0.005982939876778352,0,0.03586083650588989,0.03134303167462349,0.033177579194307326,0.03452254116535186,0.00044440600322559476,-2.063001147689647e-06,8.177249765140004e-05,0.00017274875499424542,1807,0.0749394699931144,0.03271681351161885,212.79166678973132,circle,TwoStageCompiled,0,0.0006878263084217906,0.0001854153670137748,0.0002724052697885781,0.0003581615258008245
0,0.06,6,0.9966795794133924,29.288078135814356,0.1270718232044199,circle:1,12.500286102294922,7.432771079103927,0.07627194374799728,0.0008353170123882592,0.04154473021626472,0.043010819628834726,0,nan,nan,nan,nan,2,full,6,nan,nan,nan,nan,common_d,nan,nan,nan,nan,nan,nan,0.0,0.003320420586607637,nan,0.0,0.020608933099662635,0,ProjectionOffCommonD6,0.04969311381913086,0.0,virtual_asap,raw_ik,0.051919985754892206,4.0,2.0,4.0,0,requested,362,0.2343633770942688,0.09906666167080402,0.03413065262576633,0,0.0,nan,0.8494742667404538,0.23436501622200012,0.10213362276554085,0.03524446175370475,2,requested,finite,0.029889798021506576,0.0,0.23436501622200012,0.10213362276554085,0.03524446175370475,1,0.037172507494688034,0.034593287855386734,0.03595773577690124,0.03642971765249967,nan,nan,nan,nan,1807,0.09664848819375031,0.04792167389495144,214.99442134508692,circle,ProjectionOff,0,nan,nan,nan,nan
0,0.06,6,0.9966795794133924,27.160711972785887,0.13537117903930132,circle:1,12.500286102294922,7.51360834386117,0.0011406400008127093,0.0004921070067211986,0.0006437093892600386,0.0007219264504965395,0,0.011187060736119747,0.009998446330428123,0.010085601825267076,0.010139956045895815,2,full,6,0.06168690696358681,0.04457125440239906,0.04908256754279137,0.050965268611907956,deployed,nan,nan,nan,nan,nan,nan,0.0,0.003320420586607637,nan,0.0,0.01850383776575034,0,ProjectionOffDeployed,0.041479980567918164,0.004366812227074236,threaded_asap,raw_ik,0.04656901971349511,9.0,2.0,4.0,0,requested,458,0.20771504938602448,0.08547481335699558,0.03030690152270656,0,0.0,25.332019805908203,0.8837852794687328,0.2077075093984604,0.08799496851861474,0.031368647364005374,2,requested,finite,0.02730144128386842,0.0,0.2077075093984604,0.08799496851861474,0.031368647364005374,1,0.052792467176914215,0.036507461220026016,0.038557829707860945,0.04030260398983956,0.001187060959637165,-1.5534876638412243e-06,8.56017431942746e-05,0.00013995605622767472,1807,0.08410356342792495,0.04382858798842393,214.44098824831266,circle,ProjectionOff,0,0.0013142360839992762,0.00018304151308257133,0.00028922706842422465,0.00032728348276577906
0,0.06,6,0.9966795794133924,7.065308769319054,0.24861878453038674,circle:1,12.500286102294922,6.1022351862641875,0.07605121284723282,0.0008396449848078191,0.04207087568938732,0.043233219087123874,0,nan,nan,nan,nan,2,full,6,nan,nan,nan,nan,common_d,nan,nan,nan,nan,nan,nan,0.0,0.003320420586607637,nan,0.0,0.012467146139974038,0,FullCompiledCommonD6,0.03097075292741575,0.0,virtual_asap,raw_ik,0.03289024779676106,4.0,2.0,4.0,0,requested,362,0.037500858306884766,0.011000017635524273,0.004637773223899478,0,0.0,nan,0.5938018815716657,0.03418600559234619,0.011517953360453248,0.004945019678310766,2,requested,finite,0.00683279441124434,0.0,0.03418600559234619,0.011517953360453248,0.004945019678310766,1,0.03782053291797638,0.03519556671380997,0.03671088200062513,0.0373527817428112,nan,nan,nan,nan,1807,0.07925359979271887,0.035169465334518306,212.67565167411757,circle,FullCompiled,0,nan,nan,nan,nan
0,0.06,6,0.9966795794133924,7.68378874217,0.24444444444444444,circle:1,12.500286102294922,5.943521702993133,0.0013812750112265348,0.0005021480028517544,0.0009506959933787584,0.001163224552292377,0,0.010474598035216331,0.009998472407460213,0.010116937104612589,0.010199356125667691,2,full,6,0.06245554983615875,0.04628600552678108,0.049886285513639446,0.05271698802709578,deployed,nan,nan,nan,nan,nan,nan,0.0,0.003320420586607637,nan,0.0,0.012674369590729938,0,FullCompiledDeployed,0.031567369764290525,0.006666666666666667,threaded_asap,raw_ik,0.033854671647131004,9.0,2.0,4.0,0,requested,450,0.03803706169128418,0.012114714831113815,0.005153120349801668,0,0.0,24.88648796081543,0.6104039845047039,0.038074612617492676,0.01242367774248122,0.005305719182450077,2,requested,finite,0.006563227446540659,0.0,0.038074612617492676,0.01242367774248122,0.005305719182450077,1,0.05069275572896004,0.037143949419260025,0.03924778327345848,0.043253495097160304,0.0004745979967992753,-1.5275052192009753e-06,0.00011693699707393534,0.00019935626187361799,1807,0.08124132752418516,0.03596565860053023,212.80424120932824,circle,FullCompiled,0,0.0006564360810443759,0.00016673172649461776,0.00028623263351619245,0.00039566332008689724
0,0.06,6,0.9966795794133924,8.430408461689627,0.4558011049723757,circle:1,12.500286102294922,6.220266225161668,0.06592599302530289,0.0008330629789270461,0.036699668690562244,0.037746112793684006,0,nan,nan,nan,nan,2,full,6,nan,nan,nan,nan,common_d,0.011117252986878157,0.00930606049951166,0.010437193803954869,11.240331491712707,11.240331491712707,0.2596685082872928,0.0,0.003320420586607637,nan,0.0,0.011183074198826587,0,TwoStageCompiledCommonD6,0.027845553081245714,0.0,virtual_asap,raw_ik,0.029299007336347046,4.0,2.0,4.0,0,requested,362,0.031000062823295593,0.009420009329915047,0.004103265448662268,0,0.0,nan,0.6823464305478694,0.050765544176101685,0.011803834792226551,0.005574228488094256,2,requested,finite,0.008511313345784068,0.0,0.050765544176101685,0.011803834792226551,0.005574228488094256,1,0.04206673428416252,0.029737324453890324,0.030886147543787955,0.031659769527614116,nan,nan,nan,nan,1807,0.07078425064682957,0.0315674575993392,212.714465858934,circle,TwoStageCompiled,0,nan,nan,nan,nan
0,0.06,6,0.9966795794133924,8.423334347422026,0.504708097928437,circle:1,12.500286102294922,6.058076312392038,0.0012054960243403912,0.0004868389805778861,0.0006356116035021841,0.0007211016991641374,0,0.010413668118417263,0.009999350178986788,0.010095732985064387,0.010153620969504118,2,full,6,0.045509226620197296,0.03898048400878906,0.04390358924865723,0.04498703703284264,deployed,0.011854006006615236,0.009812688003876247,0.010982083003909793,11.11864406779661,11.11864406779661,0.3032015065913371,0.0,0.003320420586607637,nan,0.0,0.011592735520319168,0,TwoStageCompiledDeployed,0.028313259666289534,0.0,threaded_asap,raw_ik,0.030424587858252816,4.0,2.0,4.0,0,requested,531,0.03946688771247864,0.013255627825856209,0.005816725963851934,0,0.0,29.336029052734375,0.6187050359712231,0.0395234078168869,0.013548426702618594,0.005920441422411045,2,requested,finite,0.008045363164006619,0.0,0.0395234078168869,0.013548426702618594,0.005920441422411045,1,0.03413250297307968,0.03118612989783287,0.03268302232027054,0.033206972479820254,0.00041366799268871546,-6.495008619822329e-07,9.57332449615933e-05,0.0001536206080345437,1807,0.07525248751044272,0.03275375837225353,212.73201114669448,circle,TwoStageCompiled,0,0.0005320056225173175,0.0001951839221874252,0.0002942706225439905,0.0003495832509361208
0,0.06,6,0.9966795794133924,27.548026965446976,0.14917127071823205,circle:2,12.500286102294922,7.411276529725882,0.07810650020837784,0.0008477380033582449,0.04218603819608688,0.04359021171927452,0,nan,nan,nan,nan,2,full,6,nan,nan,nan,nan,common_d,nan,nan,nan,nan,nan,nan,0.0,0.003320420586607637,nan,0.0,0.019451124513790545,0,ProjectionOffCommonD6,0.04492502149533316,0.0,virtual_asap,raw_ik,0.047739554997624424,4.0,2.0,4.0,0,requested,362,0.22101391851902008,0.09363849461078644,0.03255507944866515,0,0.0,nan,0.8705035971223022,0.22098322212696075,0.0961494490504261,0.03359050848832954,2,requested,finite,0.028849089406703395,0.0,0.22098322212696075,0.0961494490504261,0.03359050848832954,2,0.03755569830536842,0.03492405451834202,0.0366658914834261,0.03713595252484083,nan,nan,nan,nan,1807,0.08790086209774015,0.044954597797413454,214.83482713628655,circle,ProjectionOff,0,nan,nan,nan,nan
0,0.06,6,0.9966795794133924,23.298575374115185,0.17582417582417584,circle:2,12.500286102294922,7.239681562215113,0.0011295690201222897,0.0005007240106351674,0.0007096551009453831,0.0008601497136987746,0,0.010505840182304382,0.009998036548495293,0.010081210872158408,0.010121946688741446,2,full,6,0.06197993829846382,0.04503869637846947,0.049385134130716324,0.05189637541770935,deployed,nan,nan,nan,nan,nan,nan,0.0,0.003320420586607637,nan,0.0,0.016478523161858535,0,ProjectionOffDeployed,0.03529046586132571,0.004395604395604396,threaded_asap,raw_ik,0.0414509349091026,8.0,2.0,4.0,0,requested,455,0.1856335699558258,0.05875729862600565,0.025664670317617908,0,0.0,25.13884735107422,0.8527946873270614,0.18568584322929382,0.06088137589395031,0.026598087968450628,2,requested,finite,0.0234770607056651,0.0,0.18568584322929382,0.06088137589395031,0.026598087968450628,2,0.0495641753077507,0.03669363632798195,0.03911137208342552,0.04067260578274727,0.0005058399983681738,-1.9635024273156887e-06,8.121100108837709e-05,0.00012194699447718455,1807,0.07893052175641059,0.04019004840418342,214.14760472060402,circle,ProjectionOff,0,0.0007511993171647191,0.00018926718621514738,0.0002685287676285952,0.0003099958132952452
0,0.06,6,0.9966795794133924,7.124672471346972,0.21823204419889503,circle:2,12.500286102294922,6.045577129364065,0.07499299943447113,0.0008497380185872316,0.04286884032189846,0.044533444195985795,0,nan,nan,nan,nan,2,full,6,nan,nan,nan,nan,common_d,nan,nan,nan,nan,nan,nan,0.0,0.003320420586607637,nan,0.0,0.012642124426613851,0,FullCompiledCommonD6,0.031541153546575156,0.0,virtual_asap,raw_ik,0.03320583834358736,4.0,2.0,4.0,0,requested,362,0.026999585330486298,0.009999871253967285,0.0041305017886594814,0,0.0,nan,0.6258992805755396,0.04856342077255249,0.010492304293438792,0.004555766256506977,2,requested,finite,0.006634495596452262,0.0,0.04856342077255249,0.010492304293438792,0.004555766256506977,2,0.03899168223142624,0.035556966438889503,0.037346525117754936,0.03798002876341343,nan,nan,nan,nan,1807,0.0797754406929016,0.03559528965423443,212.67232893838624,circle,FullCompiled,0,nan,nan,nan,nan
0,0.06,6,0.9966795794133924,6.998215813032194,0.26785714285714285,circle:2,12.500286102294922,5.661897107447105,0.003045840887352824,0.0004912710282951593,0.0008437294047325822,0.0010782545362599198,0,0.010382258333265781,0.009998852387070656,0.010089057497680187,0.010155923711135984,2,full,6,0.06438777595758438,0.04565894231200218,0.050780386477708814,0.054849585518240956,deployed,nan,nan,nan,nan,nan,nan,0.0,0.003320420586607637,nan,0.0,0.01267681256686589,0,FullCompiledDeployed,0.03204603623950916,0.011160714285714286,threaded_asap,raw_ik,0.032684406776121694,10.0,2.0,4.0,0,requested,448,0.041197776794433594,0.012623704969882965,0.005288144259689171,0,0.0,24.780704498291016,0.5157719977863863,0.04296451807022095,0.012964335829019537,0.005487168059979847,2,requested,finite,0.006265820617647802,0.0,0.04296451807022095,0.012964335829019537,0.005487168059979847,2,0.05952068418264389,0.037310369312763214,0.039612910524010655,0.04484321512281897,0.00038225800381042063,-1.1474965049274033e-06,8.905773938749917e-05,0.0001559240117785523,1807,0.07702586874365804,0.03531152080446949,212.83629717941122,circle,FullCompiled,0,0.0005016085924580693,0.00015309690206777304,0.00025395338307134804,0.0003179803583770992
0,0.06,6,0.9966795794133924,9.065479831547153,0.5082872928176796,circle:2,12.500286102294922,6.073789121520543,0.0653902143239975,0.0008449379820376635,0.03714102171361446,0.03836093589663506,0,nan,nan,nan,nan,2,full,6,nan,nan,nan,nan,common_d,0.01131870099925436,0.009417507506441325,0.010625578299368499,11.179558011049723,11.179558011049723,0.26795580110497236,0.0,0.003320420586607637,nan,0.0,0.011305073376925101,0,TwoStageCompiledCommonD6,0.028450883342539725,0.0,virtual_asap,raw_ik,0.029879100968697385,4.0,2.0,4.0,0,requested,362,0.031210005283355713,0.009085152298212051,0.004008844913761634,0,0.0,nan,0.6579966795794134,0.039901427924633026,0.014202730357646909,0.0060381517856002076,2,requested,finite,0.008797595044540215,0.0,0.039901427924633026,0.014202730357646909,0.0060381517856002076,2,0.03280366584658623,0.030179587192833424,0.03129192851483822,0.03218352112919092,nan,nan,nan,nan,1807,0.07159944623708725,0.03194739884810673,212.81291537485126,circle,TwoStageCompiled,0,nan,nan,nan,nan
0,0.06,6,0.9966795794133924,8.197671451791768,0.5161290322580645,circle:2,12.500286102294922,6.0480908156847875,0.003747612936422229,0.0004891690332442522,0.0006759104027878492,0.0009346655977424241,0,0.01034578401595354,0.00999930314719677,0.010088820243254304,0.010144170420244337,2,full,6,0.047549743205308914,0.03911168500781059,0.04428798519074917,0.045832786709070206,deployed,0.015741680006613024,0.0098618379997788,0.011055828002281486,11.10436432637571,11.10436432637571,0.29791271347248577,0.0,0.003320420586607637,nan,0.0,0.01133172817449312,0,TwoStageCompiledDeployed,0.027957367083477572,0.0,threaded_asap,raw_ik,0.029571210220664466,4.0,2.0,4.0,0,requested,527,0.046827465295791626,0.012305531650781631,0.005488237968677056,0,0.0,29.15135955810547,0.6579966795794134,0.04678378999233246,0.012728978693485257,0.0056284762806191255,2,requested,finite,0.00806344854168463,0.0,0.04678378999233246,0.012728978693485257,0.0056284762806191255,2,0.03677419573068619,0.03133768029510975,0.033090935088694096,0.03440024144947529,0.00034578400664031506,-6.969983132876223e-07,8.88204958755523e-05,0.00014417036072700295,1807,0.07292650267481798,0.03202364899178267,212.82233405164516,circle,TwoStageCompiled,0,0.0005825565312989056,0.00017947582819033414,0.0002744920435361564,0.00031882580078672633
0,0.06,6,0.9966795794133924,7.494117769031904,0.22099447513812154,figure8:0,12.500286102294922,6.020867469319279,0.07693521678447723,0.0008480490068905056,0.04176471047103405,0.04364696279168129,0,nan,nan,nan,nan,2,full,6,nan,nan,nan,nan,common_d,nan,nan,nan,nan,nan,nan,0.0,0.003320420586607637,nan,0.0,0.010570501559962328,0,ProjectionOffCommonD6,0.02450293538181182,0.0,virtual_asap,raw_ik,0.028067474734529405,4.0,2.0,4.0,0,requested,362,0.041531383991241455,0.009931717067956924,0.004488388228337199,0,0.0,nan,0.600442722744881,0.05263906717300415,0.011096387356519686,0.0050288306206444835,2,requested,finite,0.0076925784513575185,0.0,0.05263906717300415,0.011096387356519686,0.0050288306206444835,0,0.037823643535375595,0.03485248051583767,0.03630053400993347,0.03707380156964064,nan,nan,nan,nan,1807,0.07152972742915148,0.029979469430701945,212.6598989429099,figure8,ProjectionOff,0,nan,nan,nan,nan
0,0.06,6,0.9966795794133924,7.980471578400788,0.24070021881838075,figure8:0,12.500286102294922,5.996067418608385,0.0011853310279548168,0.0004947540001012385,0.0007377205067314206,0.0009195241075940431,0,0.010489641688764095,0.00999846076592803,0.010082407854497433,0.010119964508339763,2,full,6,0.052142705768346786,0.04554331488907337,0.04917450342327356,0.05082459896802902,deployed,nan,nan,nan,nan,nan,nan,0.0,0.003320420586607637,nan,0.0,0.01109999352674811,0,ProjectionOffDeployed,0.02586090538177731,0.0,threaded_asap,raw_ik,0.02913589096675549,5.0,2.0,4.0,0,requested,457,0.03798908367753029,0.012404547072947025,0.005402683070798748,0,0.0,25.2803955078125,0.628666297731046,0.04450003057718277,0.013656698167323993,0.006017258491252174,2,requested,finite,0.007346488465618981,0.0,0.04450003057718277,0.013656698167323993,0.006017258491252174,0,0.04387862980365753,0.036493195220828056,0.03868590295314789,0.0398972075432539,0.000489642028696835,-1.5390085081889993e-06,8.240799434133805e-05,0.00011996414614259268,1807,0.07345497086644173,0.03143535565611835,212.62055830244336,figure8,ProjectionOff,0,0.0007178062805905938,0.00018711041775532067,0.000269549575750716,0.00031946751347277334
0,0.06,6,0.9966795794133924,6.678899907979308,0.2569060773480663,figure8:0,12.500286102294922,5.685230027308772,0.07827956229448318,0.0008525049779564142,0.04344668164849281,0.04493109688162804,0,nan,nan,nan,nan,2,full,6,nan,nan,nan,nan,common_d,nan,nan,nan,nan,nan,nan,0.0,0.003320420586607637,nan,0.0,0.01201543414257766,0,FullCompiledCommonD6,0.02781470967978207,0.0,virtual_asap,raw_ik,0.03136373496874431,4.0,2.0,4.0,0,requested,362,0.03826618194580078,0.0094754658639431,0.0039632305588829615,0,0.0,nan,0.5285002767017155,0.03610372543334961,0.0092720616608858,0.004033268978835391,2,requested,finite,0.005824421340623349,0.0,0.03610372543334961,0.0092720616608858,0.004033268978835391,0,0.05066312476992607,0.035798707976937294,0.03769397418946028,0.038957908973097796,nan,nan,nan,nan,1807,0.08166689649224275,0.034215558067699665,212.6120246006644,figure8,FullCompiled,0,nan,nan,nan,nan
0,0.06,6,0.9966795794133924,7.111477680635495,0.24107142857142858,figure8:0,12.500286102294922,5.671239956496263,0.0011360419448465109,0.00048680801410228014,0.0007067142229061563,0.0009464834129903469,0,0.0106190862134099,0.009997920598834753,0.010079409694299102,0.01016399022191763,2,full,6,0.06091364473104477,0.045920807868242264,0.05046393387019634,0.052141039371490484,deployed,nan,nan,nan,nan,nan,nan,0.0,0.003320420586607637,nan,0.0,0.01205190914915028,0,FullCompiledDeployed,0.028500001719659135,0.002232142857142857,threaded_asap,raw_ik,0.031732480880157295,10.0,2.0,4.0,0,requested,448,0.04409363865852356,0.011571237817406654,0.004861449790765803,0,0.0,24.77023696899414,0.5484228002213614,0.047212421894073486,0.01197228729724884,0.005019472122775644,2,requested,finite,0.006057276227218987,0.0,0.047212421894073486,0.01197228729724884,0.005019472122775644,0,0.05383043736219406,0.03729647770524025,0.03989080190658569,0.04103297077119351,0.0006190859712660313,-2.079495743601001e-06,7.940975046949461e-05,0.00016398985535488498,1807,0.07990723550319667,0.03436266854678953,212.74512918407743,figure8,FullCompiled,0,0.0008021996472962201,0.00017819520144257694,0.0002650789130711925,0.0003307452169246973
0,0.06,6,0.9966795794133924,7.8796584131534395,0.5607734806629834,figure8:0,12.500286102294922,5.781618412869063,0.06673350930213928,0.0008342490182258189,0.036659338697791095,0.03781010620296001,0,nan,nan,nan,nan,2,full,6,nan,nan,nan,nan,common_d,0.011407633006456308,0.009289604000514373,0.010355156150035327,11.187845303867404,11.187845303867404,0.24861878453038674,0.0,0.003320420586607637,nan,0.0,0.010898234321481267,0,TwoStageCompiledCommonD6,0.02539265249396035,0.0,virtual_asap,raw_ik,0.02829581278211345,4.0,2.0,4.0,0,requested,362,0.03400006890296936,0.008682817220687866,0.0035621551001108398,0,0.0,nan,0.57387935805202,0.03313373774290085,0.011355615779757487,0.004718595640630596,2,requested,finite,0.007184276680576299,0.0,0.03313373774290085,0.011355615779757487,0.004718595640630596,0,0.042929112911224365,0.029529082588851452,0.03116117501631379,0.03230436228215693,nan,nan,nan,nan,1807,0.07367338612675665,0.030979866914208027,212.71921593642818,figure8,TwoStageCompiled,0,nan,nan,nan,nan
0,0.06,6,0.9966795794133924,7.616262465003301,0.5741444866920152,figure8:0,12.500286102294922,5.7318934309819785,0.0012469450011849403,0.0004897359758615494,0.0006710570014547556,0.0010478390473872424,0,0.011205095797777176,0.010000086855143309,0.010087310802191496,0.010170177230611444,2,full,6,0.059702519327402115,0.039043158292770386,0.04431113377213478,0.05076136410236357,deployed,0.024504743996658362,0.009842676998232491,0.011083833000157028,11.112167300380229,11.112167300380229,0.2376425855513308,0.0,0.003320420586607637,nan,0.0,0.011055256552974938,0,TwoStageCompiledDeployed,0.025705539118779392,0.0038022813688212928,threaded_asap,raw_ik,0.02878867729053591,9.0,2.0,4.0,0,requested,526,0.029378987848758698,0.01185009628534317,0.004982329928436169,0,0.0,29.117597579956055,0.5838406198118429,0.02935066819190979,0.012253645062446576,0.005109179851858611,2,requested,finite,0.007257347207703165,0.0,0.02935066819190979,0.012253645062446576,0.005109179851858611,0,0.049199290573596954,0.031247533857822418,0.033354362845420836,0.039583738893270486,0.0012050960212945938,8.700794040805704e-08,8.731075286050327e-05,0.00017017735008266832,1807,0.0744660764932632,0.03157595191188053,212.71557677737178,figure8,TwoStageCompiled,0,0.0013753589009866118,0.00014916423242539167,0.0002467599639203399,0.0003234288422390821
0,0.06,6,0.9966795794133924,28.89213482046535,0.13535911602209943,figure8:1,12.500286102294922,7.387799048172937,0.0757172554731369,0.0008506869780831039,0.042242493107914926,0.04346377059817314,0,nan,nan,nan,nan,2,full,6,nan,nan,nan,nan,common_d,nan,nan,nan,nan,nan,nan,0.0,0.003320420586607637,nan,0.0,0.01962396996966622,0,ProjectionOffCommonD6,0.04442874429191473,0.0,virtual_asap,raw_ik,0.0482415840398006,4.0,2.0,4.0,0,requested,362,0.2207813858985901,0.10448640398681164,0.03499760146175102,0,0.0,nan,0.8422800221361373,0.22081118822097778,0.10845122486352918,0.036097937921518046,2,requested,finite,0.03083603534626025,0.0,0.22081118822097778,0.10845122486352918,0.036097937921518046,1,0.037877216935157776,0.03513490967452526,0.03657929077744484,0.037127929739654064,nan,nan,nan,nan,1807,0.08521485105156885,0.044558871292088874,214.12283539605798,figure8,ProjectionOff,0,nan,nan,nan,nan
0,0.06,6,0.9966795794133924,26.98834981062064,0.15824175824175823,figure8:1,12.500286102294922,7.374900772603087,0.0011299529578536749,0.0004951109876856208,0.0007028584252111612,0.0008692630112636835,0,0.010599365457892418,0.009999243076890707,0.01008853712119162,0.010132062388584018,2,full,6,0.054076775908470154,0.044360946863889694,0.04971287865191698,0.05161634385585785,deployed,nan,nan,nan,nan,nan,nan,0.0,0.003320420586607637,nan,0.0,0.017971232964634248,0,ProjectionOffDeployed,0.039451340845536635,0.0,threaded_asap,raw_ik,0.04461417202463584,5.0,2.0,4.0,0,requested,455,0.20801308751106262,0.08392102085053921,0.030199268850604137,0,0.0,25.157838821411133,0.841726618705036,0.2081044316291809,0.08642254807054986,0.0312465169638405,2,requested,finite,0.027179139145213017,0.0,0.2081044316291809,0.08642254807054986,0.0312465169638405,1,0.04748060926795006,0.03671506606042385,0.038817530311644075,0.040899750627577294,0.0005993649829179049,-7.57003135731793e-07,8.853724648361094e-05,0.00013206270523369329,1807,0.08182445839047432,0.042213900723339255,213.96207931906824,figure8,ProjectionOff,0,0.0008350308053195477,0.00018615208682604134,0.00027366686554159965,0.0003218687721528114
0,0.06,6,0.9966795794133924,6.439367351850404,0.281767955801105,figure8:1,12.500286102294922,5.698885268631842,0.07930499315261841,0.000852299970574677,0.04280356280505657,0.044166316017508506,0,nan,nan,nan,nan,2,full,6,nan,nan,nan,nan,common_d,nan,nan,nan,nan,nan,nan,0.0,0.003320420586607637,nan,0.0,0.011937718864852136,0,FullCompiledCommonD6,0.028088543847381364,0.0,virtual_asap,raw_ik,0.03119120639553753,4.0,2.0,4.0,0,requested,362,0.026847422122955322,0.009581280872225761,0.003915433075761303,0,0.0,nan,0.5312672938572219,0.033880412578582764,0.009751152619719502,0.004233762290587896,2,requested,finite,0.005739253278224615,0.0,0.033880412578582764,0.009751152619719502,0.004233762290587896,1,0.04022236168384552,0.03579501807689667,0.03720979373902082,0.0379469808191061,nan,nan,nan,nan,1807,0.07874770835041993,0.033837954526684144,212.63633363050215,figure8,FullCompiled,0,nan,nan,nan,nan
0,0.06,6,0.9966795794133924,6.533722615135635,0.28348214285714285,figure8:1,12.500286102294922,5.636990121764138,0.0014768269611522555,0.0004793780099134892,0.0006135938689112662,0.0009196858305949719,0,0.010458662174642086,0.009998875670135021,0.010077639715746045,0.010182158881798386,2,full,6,0.05953037738800049,0.0458441898226738,0.050633860751986504,0.05230128198862077,deployed,nan,nan,nan,nan,nan,nan,0.0,0.003320420586607637,nan,0.0,0.012129908065987504,0,FullCompiledDeployed,0.02881843987152816,0.002232142857142857,threaded_asap,raw_ik,0.03131730605927703,7.0,2.0,4.0,0,requested,448,0.04192173480987549,0.011510561220347881,0.004832247177243036,0,0.0,24.762468338012695,0.5285002767017155,0.045827388763427734,0.011830654554069038,0.00497447469703827,2,requested,finite,0.005647097650189529,0.0,0.045827388763427734,0.011830654554069038,0.00497447469703827,1,0.04806607589125633,0.03742772713303566,0.039466599747538564,0.04136330172419548,0.00045866199070587754,-1.1244972029089695e-06,7.763975736452267e-05,0.00018215889649582124,1807,0.07973702326416969,0.034273943973665025,212.72099078872665,figure8,FullCompiled,0,0.0006192201981320977,0.00015754187188576907,0.00024136824649758626,0.0003338053479092197
0,0.06,6,0.9966795794133924,7.992042557292238,0.574585635359116,figure8:1,12.500286102294922,5.6604143426609,0.0661592036485672,0.0008454099879600108,0.03739581182599067,0.0386320424079895,0,nan,nan,nan,nan,2,full,6,nan,nan,nan,nan,common_d,0.0119186989904847,0.00945164850418223,0.010655555607081623,11.162983425414364,11.162983425414364,0.23480662983425415,0.0,0.003320420586607637,nan,0.0,0.011079454990362012,0,TwoStageCompiledCommonD6,0.0264181276664747,0.0,virtual_asap,raw_ik,0.028669509022675867,4.0,2.0,4.0,0,requested,362,0.027500629425048828,0.008636519312858582,0.003584149902408514,0,0.0,nan,0.5832872163807415,0.04019845277070999,0.01109269428998231,0.005173734269078134,2,requested,finite,0.007471402085064835,0.0,0.04019845277070999,0.01109269428998231,0.005173734269078134,1,0.034541722387075424,0.030071060173213482,0.031344841979444024,0.03190047744661569,nan,nan,nan,nan,1807,0.07203638106584548,0.0312643324701541,212.63078436473802,figure8,TwoStageCompiled,0,nan,nan,nan,nan
0,0.06,6,0.9966795794133924,7.796824970591108,0.5612052730696798,figure8:1,12.500286102294922,5.781231266128173,0.0012750410242006183,0.000491060025524348,0.0006414550938643512,0.0009702289639972156,0,0.011124055832624435,0.009997393004596233,0.010088598355650902,0.010189590323716403,2,full,6,0.062054071575403214,0.039039246737957,0.044147617369890216,0.045688129216432574,deployed,0.015415643007145263,0.009771805998752825,0.01098862050275784,11.107344632768362,11.107344632768362,0.24105461393596986,0.0,0.003320420586607637,nan,0.0,0.011136578320026546,0,TwoStageCompiledDeployed,0.025551559004434846,0.0018832391713747645,threaded_asap,raw_ik,0.029372013667885485,9.0,2.0,4.0,0,requested,531,0.047703638672828674,0.012886259704828262,0.005700371471830007,0,0.0,29.34529685974121,0.624792473713337,0.04762514680624008,0.01329293642193077,0.005794353481895976,2,requested,finite,0.007474017214057675,0.0,0.04762514680624008,0.01329293642193077,0.005794353481895976,1,0.04809181019663811,0.031080927699804306,0.03295138776302337,0.03405710905790329,0.0011240559397265315,-2.606995394671685e-06,8.859850277076475e-05,0.00018958991131512454,1807,0.07605126723647114,0.03181303017703093,212.60346376966314,figure8,TwoStageCompiled,0,0.0012760579120367765,0.0001632729690754786,0.0002633265074109658,0.0003729627211578199
0,0.06,6,0.9966795794133924,22.87233490755613,0.1712707182320442,figure8:2,12.500286102294922,6.994137484234641,0.076119065284729,0.000846253999043256,0.04172516390681266,0.04317485310137272,0,nan,nan,nan,nan,2,full,6,nan,nan,nan,nan,common_d,nan,nan,nan,nan,nan,nan,0.0,0.003320420586607637,nan,0.0,0.01657945000933697,0,ProjectionOffCommonD6,0.03161354881781543,0.0,virtual_asap,raw_ik,0.04179624566692623,4.0,2.0,4.0,0,requested,362,0.1915314793586731,0.042976115830242634,0.026340837029276153,0,0.0,nan,0.8057553956834532,0.19167199730873108,0.043920413032174095,0.02720173392019676,2,requested,finite,0.023790047657276592,0.0,0.19167199730873108,0.043920413032174095,0.02720173392019676,2,0.04690635949373245,0.03469797596335411,0.03658232241868973,0.03759266298264264,nan,nan,nan,nan,1807,0.07755863964557648,0.03980514900704263,213.7516627027262,figure8,ProjectionOff,0,nan,nan,nan,nan
0,0.06,6,0.9966795794133924,8.961341968035782,0.2021978021978022,figure8:2,12.500286102294922,6.103213412228275,0.0019855110440403223,0.00047664300655014813,0.0006086073990445582,0.0009863811638206245,0,0.010407557711005211,0.009998634923249483,0.010076095582917333,0.010152594977989792,2,full,6,0.07603197544813156,0.044660063460469246,0.04966786876320839,0.05107050936669111,deployed,nan,nan,nan,nan,nan,nan,0.0,0.003320420586607637,nan,0.0,0.010865628638143504,0,ProjectionOffDeployed,0.02499605444262692,0.002197802197802198,threaded_asap,raw_ik,0.028402191910562945,10.0,2.0,4.0,0,requested,455,0.04215617477893829,0.014813692774623632,0.006449936490211854,0,0.0,25.17730140686035,0.6607636967349197,0.04951345920562744,0.016554734855890263,0.0071745888060655,2,requested,finite,0.008700198424823459,0.0,0.04951345920562744,0.016554734855890263,0.0071745888060655,2,0.06372462213039398,0.036759039387106895,0.038690576516091826,0.04039828319102526,0.0004075579927302897,-1.3649967058881884e-06,7.609524254803546e-05,0.0001525952538941056,1807,0.07071816846728322,0.03034566892866604,212.72629724639322,figure8,ProjectionOff,0,0.00056620710529387,0.00015357809024862945,0.0002340173741686157,0.00033259397023357496
0,0.06,6,0.9966795794133924,6.211238945322849,0.24033149171270718,figure8:2,12.500286102294922,5.8267945372996826,0.07696664333343506,0.000840232998598367,0.042141718417406084,0.04324073918163776,0,nan,nan,nan,nan,2,full,6,nan,nan,nan,nan,common_d,nan,nan,nan,nan,nan,nan,0.0,0.003320420586607637,nan,0.0,0.012003094701434033,0,FullCompiledCommonD6,0.028987479529241397,0.0,virtual_asap,raw_ik,0.031013969404643037,4.0,2.0,4.0,0,requested,362,0.030000686645507812,0.008999884128570557,0.0037786215422827654,0,0.0,nan,0.5484228002213614,0.03660491108894348,0.009137116372585295,0.004039975850361991,2,requested,finite,0.005817880778041016,0.0,0.03660491108894348,0.009137116372585295,0.004039975850361991,2,0.03784756362438202,0.03530483692884445,0.03689111080020666,0.0374857559427619,nan,nan,nan,nan,1807,0.07772699519991873,0.03381862198902701,212.57703460935548,figure8,FullCompiled,0,nan,nan,nan,nan
0,0.06,6,0.9966795794133924,6.777577105296238,0.25555555555555554,figure8:2,12.500286102294922,5.499032957056134,0.0016415349673479795,0.0004911840078420937,0.0006529267062433064,0.0008490231353789578,0,0.010538185015320778,0.00999711686745286,0.010101832682266831,0.010180809628218412,2,full,6,0.05905123054981232,0.0451616533100605,0.050320988148450846,0.05150435328483581,deployed,nan,nan,nan,nan,nan,nan,0.0,0.003320420586607637,nan,0.0,0.012248017009624199,0,FullCompiledDeployed,0.02865242763077808,0.0022222222222222222,threaded_asap,raw_ik,0.03198414579492398,9.0,2.0,4.0,0,requested,450,0.033286213874816895,0.01101580262184143,0.004653626734989894,0,0.0,24.904970169067383,0.48201438848920863,0.033050596714019775,0.011450237408280354,0.0047943115025121325,2,requested,finite,0.005733556142945713,0.0,0.033050596714019775,0.011450237408280354,0.0047943115025121325,2,0.04834911227226257,0.03718852624297142,0.038929450511932376,0.03998557344079017,0.0005381850060075521,-2.8830088467657333e-06,0.00010183250196860172,0.00018081001035170658,1807,0.08169084265828129,0.034790469062962306,212.6528575783559,figure8,FullCompiled,0,0.000685264531057328,0.0001852470013545826,0.00029638624400831756,0.0003885580413043502
0,0.06,6,0.9966795794133924,7.667919135654166,0.5359116022099447,figure8:2,12.500286102294922,5.884851394645313,0.06725036352872849,0.0008457789663225412,0.03694160282611847,0.0385647963732481,0,nan,nan,nan,nan,2,full,6,nan,nan,nan,nan,common_d,0.011201612011063844,0.009408332007296849,0.010577094795007725,11.193370165745856,11.193370165745856,0.24033149171270718,0.0,0.003320420586607637,nan,0.0,0.010626667384174372,0,TwoStageCompiledCommonD6,0.02503873804480427,0.0,virtual_asap,raw_ik,0.027666732957268816,4.0,2.0,4.0,0,requested,362,0.0273827463388443,0.009708503261208534,0.003949800396349994,0,0.0,nan,0.60431654676259,0.035225603729486465,0.010590752027928828,0.004736032604046281,2,requested,finite,0.007387799323654495,0.0,0.035225603729486465,0.010590752027928828,0.004736032604046281,2,0.032239217311143875,0.029919411055743694,0.03122299239039421,0.03171743270009756,nan,nan,nan,nan,1807,0.07001645863056181,0.02998333763096552,212.7365582523896,figure8,TwoStageCompiled,0,nan,nan,nan,nan
0,0.06,6,0.9966795794133924,7.615905106745676,0.5700575815738963,figure8:2,12.500286102294922,5.7939031435328125,0.001203087973408401,0.0005027740262448788,0.0007993906794581557,0.0009805437666364014,0,0.01051540020853281,0.009999037720263004,0.010088339913636446,0.010174267878755926,2,full,6,0.05356455594301224,0.03953348472714424,0.04453151412308216,0.04590443711727855,deployed,0.0166116430045804,0.009960327995941043,0.011304322993964888,11.099808061420346,11.099808061420346,0.2783109404990403,0.0,0.003320420586607637,nan,0.0,0.01081467291642178,0,TwoStageCompiledDeployed,0.025491447370094858,0.0,threaded_asap,raw_ik,0.02779827115399816,5.0,2.0,4.0,0,requested,521,0.04380008578300476,0.011362671852111816,0.0047916356215152505,0,0.0,28.823585510253906,0.586054233536248,0.04345163702964783,0.01166778728365896,0.004913318500442391,2,requested,finite,0.006989551825166748,0.0,0.04345163702964783,0.01166778728365896,0.004913318500442391,2,0.04371052235364914,0.03165536932647228,0.03374503701925277,0.03644976858049629,0.0005154000245966017,-9.625052825867897e-07,8.833974789013155e-05,0.00017426749982405468,1807,0.07039576843380924,0.03048316545058317,212.6767136878912,figure8,TwoStageCompiled,0,0.0006810222403146327,0.00018944039766211063,0.0002794815809465944,0.00035559532232582646
