trial_id,family,shape,speed,phase_index,repeat_index,controller,status,tracking_joint_rmse_deg,tracking_tcp_rmse_mm,command_velocity_rms_rad_s,command_acceleration_rms_rad_s2,requested_residual_p95_deg,requested_residual_max_deg,executed_residual_p95_deg,executed_residual_max_deg,safety_violation_count,control_deadline_miss_count,command_velocity_violation_count,command_acceleration_violation_count,command_acceleration_quantization_exceedance_count
circle_p0_direct,circle,circle,development,0,0,direct,complete,1.0147100178089041,9.605070434504466,0.05520564558773023,0.8196145243439946,0.0,0.0,0.0,0.0,0,0,0,0,798
circle_p0_preview6,circle,circle,development,0,0,preview6,complete,0.6720358688483743,6.608133998169378,0.05520564558773022,0.8196145243439946,0.0,0.0,0.0,0.0,0,0,0,0,775
circle_p0_nn_mpc,circle,circle,development,0,0,nn_mpc,complete,0.38719773705286276,3.876158905931048,0.08706506700203892,1.213290088373112,0.9999999922536332,0.9999999922536332,1.226624473631551,1.9335851460087665,0,0,0,0,1006
circle_p2_preview6,circle,circle,development,1,1,preview6,complete,0.6511058478838693,7.864578097836907,0.05579263290484824,0.8230415256288451,0.0,0.0,0.0,0.0,0,0,0,0,805
circle_p2_nn_mpc,circle,circle,development,1,1,nn_mpc,complete,0.3322325103159913,3.5215825529292144,0.08340507952531591,1.1924252417750147,0.9999999922536332,0.9999999922536332,1.167930118117034,1.9167124443247194,0,0,0,0,1007
circle_p2_direct,circle,circle,development,1,1,direct,complete,0.9967178839805403,10.619032789303876,0.05579263290484824,0.8230415256288451,0.0,0.0,0.0,0.0,0,0,0,0,786
circle_p4_nn_mpc,circle,circle,development,2,2,nn_mpc,complete,0.3621480375028477,3.89799972481292,0.08480261984400368,1.155867869065668,0.9999999922536332,0.9999999922536332,1.1713859803936493,1.8872909775880664,0,0,0,0,1005
circle_p4_direct,circle,circle,development,2,2,direct,complete,0.9565625708734088,8.445606172417094,0.056558125650558115,0.7779166566407998,0.0,0.0,0.0,0.0,0,0,0,0,751
circle_p4_preview6,circle,circle,development,2,2,preview6,complete,0.5669842731949679,6.3997980111336625,0.05655812565055655,0.7779166566407998,0.0,0.0,0.0,0.0,0,0,0,0,751
ellipse_nominal_p0_direct,heldout,ellipse,nominal,0,0,direct,complete,0.8204357953874114,8.50358318321119,0.03776436118411162,0.809559881308667,0.0,0.0,0.0,0.0,0,0,0,0,890
ellipse_nominal_p0_preview6,heldout,ellipse,nominal,0,0,preview6,complete,0.6308229996459596,6.217592098081183,0.037770168848564024,0.8100474212192947,0.0,0.0,0.0,0.0,0,0,0,0,890
ellipse_nominal_p0_nn_mpc,heldout,ellipse,nominal,0,0,nn_mpc,complete,0.30845861446595946,3.5943131842172975,0.07934688211904563,1.2112471458348582,0.9999999922536332,0.9999999922536332,1.2751431706319014,1.977536346100741,0,0,0,0,1159
ellipse_nominal_p1_preview6,heldout,ellipse,nominal,1,1,preview6,complete,0.636471856873964,6.7785484233447875,0.037665493441765736,0.7893114220222563,0.0,0.0,0.0,0.0,0,0,0,0,857
ellipse_nominal_p1_nn_mpc,heldout,ellipse,nominal,1,1,nn_mpc,complete,0.31480840416432027,3.365361061847973,0.07187412064858051,1.1828827814635299,0.9999999922536332,0.9999999922536332,1.132780225084345,1.9068483705027517,0,0,0,0,1159
ellipse_nominal_p1_direct,heldout,ellipse,nominal,1,1,direct,complete,0.827178546149069,8.671033440529968,0.037665493441765736,0.7893114220222562,0.0,0.0,0.0,0.0,0,0,0,0,857
ellipse_nominal_p2_nn_mpc,heldout,ellipse,nominal,2,2,nn_mpc,complete,0.32676021624130575,3.8119498867148813,0.08467453540215047,1.2219561602552038,0.9999999922536332,0.9999999922536332,1.3986925842262405,2.0421815252739726,0,0,0,0,1157
ellipse_nominal_p2_direct,heldout,ellipse,nominal,2,2,direct,complete,0.8544324383704853,8.428724232025656,0.03731445561771714,0.8051585995811873,0.0,0.0,0.0,0.0,0,0,0,0,889
ellipse_nominal_p2_preview6,heldout,ellipse,nominal,2,2,preview6,complete,0.6219627664286616,6.639792658554827,0.03731445561771714,0.8051585995811873,0.0,0.0,0.0,0.0,0,0,0,0,889
ellipse_fast_p0_direct,heldout,ellipse,fast,0,0,direct,complete,0.8985510806886945,9.309370577901825,0.04740172146257266,0.8065808021807489,0.0,0.0,0.0,0.0,0,0,0,0,716
ellipse_fast_p0_preview6,heldout,ellipse,fast,0,0,preview6,complete,0.6616429337466679,6.981311660886305,0.04740775336385468,0.8072186678809391,0.0,0.0,0.0,0.0,0,0,0,0,716
ellipse_fast_p0_nn_mpc,heldout,ellipse,fast,0,0,nn_mpc,complete,0.33481832408548473,3.839349402485209,0.08605403163732275,1.2115716582312983,0.9999999922536332,0.9999999922536332,1.2542686397688023,1.8673822568179486,0,0,0,0,934
ellipse_fast_p1_preview6,heldout,ellipse,fast,1,1,preview6,complete,0.6407390915359517,6.185916002549419,0.04740775559072209,0.7819564504113982,0.0,0.0,0.0,0.0,0,0,0,0,677
ellipse_fast_p1_nn_mpc,heldout,ellipse,fast,1,1,nn_mpc,complete,0.3343321252372316,3.7062668009017856,0.07709082189995407,1.1808067886700235,0.9999999922536332,0.9999999922536332,1.0756352659665331,1.7948753164666205,0,0,0,0,932
ellipse_fast_p1_direct,heldout,ellipse,fast,1,1,direct,complete,0.879759916574138,9.94051912314335,0.04740775559072209,0.7819564504113982,0.0,0.0,0.0,0.0,0,0,0,0,677
ellipse_fast_p2_nn_mpc,heldout,ellipse,fast,2,2,nn_mpc,complete,0.36784334092149007,3.8894737184630337,0.08879167498499321,1.2294938029306117,0.9999999922536332,0.9999999922536332,1.3249350789265646,1.9493137910068365,0,0,0,0,931
ellipse_fast_p2_direct,heldout,ellipse,fast,2,2,direct,complete,0.8533080965590141,8.960110280694519,0.046861773467672715,0.811669617272061,0.0,0.0,0.0,0.0,0,0,0,0,714
ellipse_fast_p2_preview6,heldout,ellipse,fast,2,2,preview6,complete,0.5980252478646477,6.089502807301157,0.046861773467672715,0.8116696172720611,0.0,0.0,0.0,0.0,0,0,0,0,714
back_and_forth_nominal_p0_direct,heldout,back_and_forth,nominal,0,0,direct,complete,0.909019678068926,8.977993894986287,0.03773243166697969,0.7368322901547405,0.0,0.0,0.0,0.0,0,0,0,0,714
back_and_forth_nominal_p0_preview6,heldout,back_and_forth,nominal,0,0,preview6,complete,0.6781895832772152,6.7313587278659215,0.03773243166697969,0.7368322901547405,0.0,0.0,0.0,0.0,0,0,0,0,714
back_and_forth_nominal_p0_nn_mpc,heldout,back_and_forth,nominal,0,0,nn_mpc,complete,0.33657769631397116,3.64628485615549,0.08020548662378973,1.1982335793730192,0.9999999922536332,0.9999999922536332,1.3294672509503274,2.0212598020725774,0,0,0,0,1102
back_and_forth_nominal_p1_preview6,heldout,back_and_forth,nominal,1,1,preview6,complete,0.5843170756601633,5.681363744118795,0.038040055837709585,0.7837400087733573,0.0,0.0,0.0,0.0,0,0,0,0,803
back_and_forth_nominal_p1_nn_mpc,heldout,back_and_forth,nominal,1,1,nn_mpc,complete,0.2963198831510824,2.9528352124271002,0.07069650046528843,1.1963061755614568,0.9999999922536332,0.9999999922536332,1.0954176282370058,1.7511616788917157,0,0,0,0,1093
back_and_forth_nominal_p1_direct,heldout,back_and_forth,nominal,1,1,direct,complete,0.8179065578603503,7.812452583737127,0.038040055837709585,0.7837400087733573,0.0,0.0,0.0,0.0,0,0,0,0,803
back_and_forth_nominal_p2_nn_mpc,heldout,back_and_forth,nominal,2,2,nn_mpc,complete,0.3530469418711775,3.6341864969605555,0.08086826888169539,1.1864454431098264,0.9999999922536332,0.9999999922536332,1.2620064116691223,1.9247667314600454,0,0,0,0,1098
back_and_forth_nominal_p2_direct,heldout,back_and_forth,nominal,2,2,direct,complete,0.9013693694736122,8.992806242782022,0.03797873014615772,0.7762091839809118,0.0,0.0,0.0,0.0,0,0,0,0,800
back_and_forth_nominal_p2_preview6,heldout,back_and_forth,nominal,2,2,preview6,complete,0.667828256537698,8.158808037006933,0.03797873014615773,0.7762091839809117,0.0,0.0,0.0,0.0,0,0,0,0,800
back_and_forth_fast_p0_direct,heldout,back_and_forth,fast,0,0,direct,complete,1.0491135906575062,10.195284051325897,0.04841452277697498,0.756911293183219,0.0,0.0,0.0,0.0,0,0,0,0,567
back_and_forth_fast_p0_preview6,heldout,back_and_forth,fast,0,0,preview6,complete,0.732673408947842,7.072788736285945,0.04841452277697498,0.756911293183219,0.0,0.0,0.0,0.0,0,0,0,0,563
back_and_forth_fast_p0_nn_mpc,heldout,back_and_forth,fast,0,0,nn_mpc,complete,0.33290280370465936,3.378018609831313,0.07681552691830935,1.1754861086472637,0.9999999922536332,0.9999999922536332,1.0748307977483524,1.9123643885877717,0,0,0,0,879
back_and_forth_fast_p1_preview6,heldout,back_and_forth,fast,1,1,preview6,complete,0.5784865943330617,5.510725613007513,0.04882052146293839,0.8370179276970181,0.0,0.0,0.0,0.0,0,0,0,0,671
back_and_forth_fast_p1_nn_mpc,heldout,back_and_forth,fast,1,1,nn_mpc,complete,0.3968671027248566,4.268285262648903,0.08122590078456698,1.1811398202145258,0.9999999922536332,0.9999999922536332,1.161248272118058,1.8421440675045169,0,0,0,0,875
back_and_forth_fast_p1_direct,heldout,back_and_forth,fast,1,1,direct,complete,0.8905341369865696,8.435633364493617,0.04882052146293839,0.8370179276970181,0.0,0.0,0.0,0.0,0,0,0,0,671
back_and_forth_fast_p2_nn_mpc,heldout,back_and_forth,fast,2,2,nn_mpc,complete,0.3904978642420974,3.8051192913828493,0.07793558646277571,1.1960856993241709,0.9999999922536332,0.9999999922536332,1.0529375868592286,1.7317564711294748,0,0,0,0,874
back_and_forth_fast_p2_direct,heldout,back_and_forth,fast,2,2,direct,complete,0.9032461326897104,9.561622724029046,0.04874465228823648,0.8222971324395707,0.0,0.0,0.0,0.0,0,0,0,0,653
back_and_forth_fast_p2_preview6,heldout,back_and_forth,fast,2,2,preview6,complete,0.6656489833915794,8.264110524171976,0.04874465228823649,0.8222971324395707,0.0,0.0,0.0,0.0,0,0,0,0,653
rounded_square_nominal_p0_direct,heldout,rounded_square,nominal,0,0,direct,complete,0.9091834220133332,9.098349356134506,0.039369014298402956,0.7143281782305942,0.0,0.0,0.0,0.0,0,0,0,0,752
rounded_square_nominal_p0_preview6,heldout,rounded_square,nominal,0,0,preview6,complete,0.701048211294852,6.680354268269152,0.03937517869768621,0.7146339038928315,0.0,0.0,0.0,0.0,0,0,0,0,739
rounded_square_nominal_p0_nn_mpc,heldout,rounded_square,nominal,0,0,nn_mpc,complete,0.29485132022368815,3.2829281517683255,0.07453872499002094,1.1836567712750272,0.9999999922536332,0.9999999922536332,1.1790879151451674,1.8921801123733262,0,0,0,0,1062
rounded_square_nominal_p1_preview6,heldout,rounded_square,nominal,1,1,preview6,complete,0.7025874242823824,6.5759596487840355,0.03937517869768621,0.7146339038928315,0.0,0.0,0.0,0.0,0,0,0,0,739
rounded_square_nominal_p1_nn_mpc,heldout,rounded_square,nominal,1,1,nn_mpc,complete,0.345864439501514,3.6110744391298124,0.08126515312993701,1.2081323981517522,0.9999999922536332,0.9999999922536332,1.2235732787189193,2.0491630458227834,0,0,0,0,1064
rounded_square_nominal_p1_direct,heldout,rounded_square,nominal,1,1,direct,complete,0.9077934073480125,8.503413514026121,0.039369014298402956,0.7143281782305942,0.0,0.0,0.0,0.0,0,0,0,0,739
rounded_square_nominal_p2_nn_mpc,heldout,rounded_square,nominal,2,2,nn_mpc,complete,0.37206898158116253,4.28022011010474,0.07877501101003868,1.183102961050139,0.9999999922536332,0.9999999922536332,1.160666617477208,1.7498099417662878,0,0,0,0,1066
rounded_square_nominal_p2_direct,heldout,rounded_square,nominal,2,2,direct,complete,0.9377675273200126,7.852007871962718,0.039369014298402956,0.7143281782305942,0.0,0.0,0.0,0.0,0,0,0,0,739
rounded_square_nominal_p2_preview6,heldout,rounded_square,nominal,2,2,preview6,complete,0.7241471233862524,6.030380034114273,0.03937517869768621,0.7146339038928315,0.0,0.0,0.0,0.0,0,0,0,0,739
rounded_square_fast_p0_direct,heldout,rounded_square,fast,0,0,direct,complete,0.9637135518822962,9.315512494701176,0.05043037402298906,0.7329053170431905,0.0,0.0,0.0,0.0,0,0,0,0,587
rounded_square_fast_p0_preview6,heldout,rounded_square,fast,0,0,preview6,complete,0.7586683970600169,5.996779718928106,0.050436682143279045,0.7332958871872419,0.0,0.0,0.0,0.0,0,0,0,0,587
rounded_square_fast_p0_nn_mpc,heldout,rounded_square,fast,0,0,nn_mpc,complete,0.4366961291855571,4.131251570623918,0.09366125812612133,1.240914089768861,0.9999999922536332,0.9999999922536332,1.2551188435739957,1.9100162976171682,0,0,0,0,857
rounded_square_fast_p1_preview6,heldout,rounded_square,fast,1,1,preview6,complete,0.7916410217127924,5.938007750864542,0.050436682143279045,0.7332958871872419,0.0,0.0,0.0,0.0,0,0,0,0,587
rounded_square_fast_p1_nn_mpc,heldout,rounded_square,fast,1,1,nn_mpc,complete,0.39559221482778895,3.773710246238521,0.0783670960643447,1.1488987272467632,0.9999999922536332,0.9999999922536332,1.0766920829941191,1.8390881981811709,0,0,0,0,859
rounded_square_fast_p1_direct,heldout,rounded_square,fast,1,1,direct,complete,1.0349911600031236,9.200403938848357,0.05043037402298906,0.7329053170431905,0.0,0.0,0.0,0.0,0,0,0,0,587
rounded_square_fast_p2_nn_mpc,heldout,rounded_square,fast,2,2,nn_mpc,complete,0.41808883301882843,3.899871637403056,0.09066497295725756,1.2362907051228802,0.9999999922536332,0.9999999922536332,1.2284512717580949,1.9190611756255576,0,0,0,0,858
rounded_square_fast_p2_direct,heldout,rounded_square,fast,2,2,direct,complete,1.0158027489495265,8.664089480395942,0.05043037402298906,0.7329053170431905,0.0,0.0,0.0,0.0,0,0,0,0,587
rounded_square_fast_p2_preview6,heldout,rounded_square,fast,2,2,preview6,complete,0.7688572871136171,6.150420565779393,0.050436682143279045,0.7332958871872419,0.0,0.0,0.0,0.0,0,0,0,0,587
